0.00023903,2.8943,8.0494,14.199,20.243,24.392,27.272,29.319,30.824,31.981,33.578,34.999,35.587,35.675,35.402,34.799,33.95,32.97,31.92,30.812,29.664,28.51,27.368,26.255,23.725,20.308,17.651,14.594,12.079,10.69,9.7423,9.0008,8.3559,7.7666,7.2216,6.7146,6.2422,5.8033,5.3955,5.0176,4.6645,4.337,0,50.207,108.47,137,127.56,103.94,81.839,64.991,53.11,44.948,35.295,28.027,23.528,20.052,17.194,14.813,12.822,11.156,9.7618,8.5933,7.6133,6.7906,6.0992,5.5172,4.4294,3.398,2.8381,2.3414,1.9843,1.7379,1.5317,1.3515,1.1927,1.0527,0.92907,0.81999,0.7237,0.63873,0.56373,0.49754,0.43912,0.38756
0.00023863,2.8542,7.8197,13.528,18.956,22.582,25.054,26.79,28.056,29.024,30.344,31.473,31.876,31.846,31.505,30.879,30.049,29.115,28.13,27.104,26.053,25.006,23.978,22.983,20.751,17.785,15.523,12.976,10.911,9.7564,8.938,8.2763,7.6876,7.1434,6.6375,6.1661,5.7268,5.3188,4.9399,4.5891,4.2619,3.9589,0,50.207,108.47,137,127.56,103.94,81.839,64.991,53.11,44.948,35.295,28.027,23.528,20.052,17.194,14.813,12.822,11.156,9.7618,8.5933,7.6133,6.7906,6.0992,5.5172,4.4294,3.398,2.8381,2.3414,1.9843,1.7379,1.5317,1.3515,1.1927,1.0527,0.92907,0.81999,0.7237,0.63873,0.56373,0.49754,0.43912,0.38756
0.00023935,2.9263,8.2314,14.727,21.238,25.769,28.928,31.168,32.804,34.047,35.732,37.176,37.699,37.67,37.249,36.465,35.415,34.221,32.952,31.623,30.254,28.88,27.523,26.202,23.194,19.125,15.953,12.302,9.3337,7.7748,6.7963,6.0956,5.529,5.0384,4.6039,4.2143,3.8627,3.546,3.26,3.0024,2.7659,2.5516,0,50.207,108.47,137,127.56,103.94,81.839,64.991,53.11,44.948,35.295,28.027,23.528,20.052,17.194,14.813,12.822,11.156,9.7618,8.5933,7.6133,6.7906,6.0992,5.5172,4.4294,3.398,2.8381,2.3414,1.9843,1.7379,1.5317,1.3515,1.1927,1.0527,0.92907,0.81999,0.7237,0.63873,0.56373,0.49754,0.43912,0.38756
0.00023851,2.8422,7.7537,13.353,18.671,22.26,24.766,26.589,27.981,29.101,30.77,32.472,33.466,34.018,34.234,34.136,33.799,33.315,32.737,32.078,31.353,30.592,29.813,29.032,27.175,24.515,22.28,19.394,16.582,14.644,13.118,11.826,10.681,9.6492,8.7147,7.8679,7.1015,6.4098,5.7846,5.2225,4.7093,4.2469,0,50.207,108.47,137,127.56,103.94,81.839,64.991,53.11,44.948,35.295,28.027,23.528,20.052,17.194,14.813,12.822,11.156,9.7618,8.5933,7.6133,6.7906,6.0992,5.5172,4.4294,3.398,2.8381,2.3414,1.9843,1.7379,1.5317,1.3515,1.1927,1.0527,0.92907,0.81999,0.7237,0.63873,0.56373,0.49754,0.43912,0.38756
0.00023622,2.6104,6.4291,9.4949,11.326,11.996,12.278,12.459,12.635,12.837,13.241,13.742,14.096,14.337,14.455,14.469,14.409,14.304,14.163,13.991,13.797,13.588,13.371,13.152,12.624,11.86,11.209,10.358,9.5055,8.8806,8.3489,7.8617,7.399,6.9549,6.5291,6.1222,5.7351,5.3685,5.0225,4.697,4.3907,4.1039,0,50.207,108.47,137,127.56,103.94,81.839,64.991,53.11,44.948,35.295,28.027,23.528,20.052,17.194,14.813,12.822,11.156,9.7618,8.5933,7.6133,6.7906,6.0992,5.5172,4.4294,3.398,2.8381,2.3414,1.9843,1.7379,1.5317,1.3515,1.1927,1.0527,0.92907,0.81999,0.7237,0.63873,0.56373,0.49754,0.43912,0.38756
0.0002391,2.902,8.0867,14.3,20.416,24.595,27.493,29.538,31.028,32.153,33.654,34.985,35.508,35.458,35.023,34.315,33.417,32.376,31.221,30.005,28.762,27.536,26.317,25.163,22.553,19.095,16.458,13.458,11,9.5931,8.6163,7.8262,7.1312,6.5074,5.9434,5.4288,4.9596,4.5326,4.1469,3.7964,3.4786,3.1927,0,50.207,108.47,137,127.56,103.94,81.839,64.991,53.11,44.948,35.295,28.027,23.528,20.052,17.194,14.813,12.822,11.156,9.7618,8.5933,7.6133,6.7906,6.0992,5.5172,4.4294,3.398,2.8381,2.3414,1.9843,1.7379,1.5317,1.3515,1.1927,1.0527,0.92907,0.81999,0.7237,0.63873,0.56373,0.49754,0.43912,0.38756
0.00023841,2.833,7.6922,13.165,18.29,21.687,24.033,25.716,26.981,27.977,29.403,30.82,31.565,31.815,31.718,31.361,30.812,30.111,29.287,28.384,27.431,26.468,25.488,24.543,22.332,19.27,16.809,13.829,11.249,9.7521,8.7494,7.9771,7.3182,6.7334,6.2052,5.7209,5.2751,4.8647,4.4902,4.1464,3.831,3.544,0,50.207,108.47,137,127.56,103.94,81.839,64.991,53.11,44.948,35.295,28.027,23.528,20.052,17.194,14.813,12.822,11.156,9.7618,8.5933,7.6133,6.7906,6.0992,5.5172,4.4294,3.398,2.8381,2.3414,1.9843,1.7379,1.5317,1.3515,1.1927,1.0527,0.92907,0.81999,0.7237,0.63873,0.56373,0.49754,0.43912,0.38756
0.00023877,2.8694,7.9012,13.773,19.448,23.301,25.994,27.932,29.384,30.518,32.124,33.695,34.5,34.74,34.585,34.132,33.458,32.61,31.618,30.533,29.389,28.231,27.053,25.912,23.227,19.476,16.433,12.715,9.512,7.7394,6.655,5.9037,5.3167,4.8286,4.4097,4.0386,3.7056,3.4048,3.137,2.8953,2.6769,2.4819,0,50.207,108.47,137,127.56,103.94,81.839,64.991,53.11,44.948,35.295,28.027,23.528,20.052,17.194,14.813,12.822,11.156,9.7618,8.5933,7.6133,6.7906,6.0992,5.5172,4.4294,3.398,2.8381,2.3414,1.9843,1.7379,1.5317,1.3515,1.1927,1.0527,0.92907,0.81999,0.7237,0.63873,0.56373,0.49754,0.43912,0.38756
0.00023837,2.8294,7.672,13.112,18.204,21.592,23.952,25.666,26.976,28.025,29.579,31.211,32.189,32.682,32.83,32.718,32.408,31.94,31.339,30.65,29.899,29.126,28.325,27.546,25.687,23.052,20.866,18.069,15.402,13.599,12.209,11.037,9.9957,9.0572,8.2074,7.4348,6.7329,6.0965,5.5228,5.0036,4.5352,4.1156,0,50.207,108.47,137,127.56,103.94,81.839,64.991,53.11,44.948,35.295,28.027,23.528,20.052,17.194,14.813,12.822,11.156,9.7618,8.5933,7.6133,6.7906,6.0992,5.5172,4.4294,3.398,2.8381,2.3414,1.9843,1.7379,1.5317,1.3515,1.1927,1.0527,0.92907,0.81999,0.7237,0.63873,0.56373,0.49754,0.43912,0.38756
0.00023622,2.6132,6.4284,9.4943,11.311,11.974,12.259,12.435,12.611,12.802,13.194,13.713,14.08,14.305,14.421,14.452,14.413,14.318,14.18,14.012,13.821,13.624,13.414,13.21,12.722,12.029,11.451,10.703,9.9566,9.3896,8.8906,8.4182,7.959,7.5126,7.0808,6.6644,6.2652,5.8844,5.523,5.1811,4.8583,4.5548,0,50.207,108.47,137,127.56,103.94,81.839,64.991,53.11,44.948,35.295,28.027,23.528,20.052,17.194,14.813,12.822,11.156,9.7618,8.5933,7.6133,6.7906,6.0992,5.5172,4.4294,3.398,2.8381,2.3414,1.9843,1.7379,1.5317,1.3515,1.1927,1.0527,0.92907,0.81999,0.7237,0.63873,0.56373,0.49754,0.43912,0.38756
0.0002391,2.9027,8.0916,14.321,20.476,24.712,27.677,29.799,31.371,32.581,34.26,35.862,36.652,36.86,36.672,36.198,35.511,34.667,33.692,32.641,31.547,30.456,29.356,28.316,25.916,22.694,20.198,17.317,14.928,13.541,12.558,11.738,10.989,10.292,9.6354,9.0138,8.4258,7.8713,7.3523,6.8645,6.4073,5.9819,0,50.207,108.47,137,127.56,103.94,81.839,64.991,53.11,44.948,35.295,28.027,23.528,20.052,17.194,14.813,12.822,11.156,9.7618,8.5933,7.6133,6.7906,6.0992,5.5172,4.4294,3.398,2.8381,2.3414,1.9843,1.7379,1.5317,1.3515,1.1927,1.0527,0.92907,0.81999,0.7237,0.63873,0.56373,0.49754,0.43912,0.38756
0.00023842,2.8342,7.6991,13.186,18.329,21.743,24.104,25.8,27.078,28.085,29.539,31.002,31.804,32.122,32.101,31.832,31.373,30.771,30.049,29.252,28.409,27.559,26.69,25.863,23.925,21.271,19.166,16.654,14.482,13.164,12.204,11.396,10.658,9.9702,9.3226,8.7096,8.1301,7.5839,7.0729,6.5932,6.1441,5.7268,0,50.207,108.47,137,127.56,103.94,81.839,64.991,53.11,44.948,35.295,28.027,23.528,20.052,17.194,14.813,12.822,11.156,9.7618,8.5933,7.6133,6.7906,6.0992,5.5172,4.4294,3.398,2.8381,2.3414,1.9843,1.7379,1.5317,1.3515,1.1927,1.0527,0.92907,0.81999,0.7237,0.63873,0.56373,0.49754,0.43912,0.38756
0.00023907,2.9,8.0771,14.283,20.414,24.641,27.612,29.749,31.342,32.576,34.303,35.966,36.794,37.016,36.813,36.297,35.543,34.608,33.523,32.342,31.103,29.854,28.583,27.365,24.495,20.51,17.297,13.395,10.028,8.1319,6.9359,6.0781,5.3932,4.8214,4.3311,3.901,3.5202,3.1824,2.8872,2.6242,2.3912,2.1897,0,50.207,108.47,137,127.56,103.94,81.839,64.991,53.11,44.948,35.295,28.027,23.528,20.052,17.194,14.813,12.822,11.156,9.7618,8.5933,7.6133,6.7906,6.0992,5.5172,4.4294,3.398,2.8381,2.3414,1.9843,1.7379,1.5317,1.3515,1.1927,1.0527,0.92907,0.81999,0.7237,0.63873,0.56373,0.49754,0.43912,0.38756
0.00023804,2.7962,7.4819,12.564,17.172,20.172,22.252,23.775,24.961,25.93,27.414,29.037,30.08,30.682,30.965,31.002,30.844,30.531,30.085,29.546,28.94,28.303,27.627,26.964,25.33,22.938,20.872,18.091,15.279,13.289,11.738,10.442,9.3126,8.3168,7.4333,6.6461,5.9444,5.32,4.7672,4.2736,3.8356,3.4532,0,50.207,108.47,137,127.56,103.94,81.839,64.991,53.11,44.948,35.295,28.027,23.528,20.052,17.194,14.813,12.822,11.156,9.7618,8.5933,7.6133,6.7906,6.0992,5.5172,4.4294,3.398,2.8381,2.3414,1.9843,1.7379,1.5317,1.3515,1.1927,1.0527,0.92907,0.81999,0.7237,0.63873,0.56373,0.49754,0.43912,0.38756
0.00023641,2.6325,6.54,9.8209,11.939,12.858,13.345,13.678,13.976,14.266,14.809,15.5,15.994,16.315,16.504,16.588,16.586,16.515,16.389,16.224,16.029,15.823,15.597,15.379,14.838,14.055,13.386,12.503,11.61,10.933,10.343,9.788,9.2502,8.7284,8.2234,7.7363,7.2689,6.8227,6.3992,5.9979,5.6189,5.2624,0,50.207,108.47,137,127.56,103.94,81.839,64.991,53.11,44.948,35.295,28.027,23.528,20.052,17.194,14.813,12.822,11.156,9.7618,8.5933,7.6133,6.7906,6.0992,5.5172,4.4294,3.398,2.8381,2.3414,1.9843,1.7379,1.5317,1.3515,1.1927,1.0527,0.92907,0.81999,0.7237,0.63873,0.56373,0.49754,0.43912,0.38756
0.00023876,2.8688,7.8969,13.756,19.402,23.218,25.865,27.754,29.155,30.237,31.742,33.171,33.849,33.986,33.748,33.239,32.522,31.655,30.662,29.594,28.485,27.376,26.258,25.199,22.727,19.371,16.735,13.648,11.079,9.6519,8.72,8.0035,7.3871,6.8385,6.3389,5.8774,5.4494,5.0542,4.6913,4.3543,4.0467,3.7602,0,50.207,108.47,137,127.56,103.94,81.839,64.991,53.11,44.948,35.295,28.027,23.528,20.052,17.194,14.813,12.822,11.156,9.7618,8.5933,7.6133,6.7906,6.0992,5.5172,4.4294,3.398,2.8381,2.3414,1.9843,1.7379,1.5317,1.3515,1.1927,1.0527,0.92907,0.81999,0.7237,0.63873,0.56373,0.49754,0.43912,0.38756
0.00023888,2.881,7.9673,13.962,19.798,23.776,26.552,28.541,30.021,31.168,32.775,34.327,35.106,35.328,35.164,34.721,34.064,33.25,32.305,31.28,30.21,29.138,28.053,27.025,24.622,21.355,18.782,15.752,13.186,11.696,10.669,9.8408,9.1072,8.4412,7.8265,7.254,6.7203,6.2249,5.7675,5.3418,4.9513,4.5875,0,50.207,108.47,137,127.56,103.94,81.839,64.991,53.11,44.948,35.295,28.027,23.528,20.052,17.194,14.813,12.822,11.156,9.7618,8.5933,7.6133,6.7906,6.0992,5.5172,4.4294,3.398,2.8381,2.3414,1.9843,1.7379,1.5317,1.3515,1.1927,1.0527,0.92907,0.81999,0.7237,0.63873,0.56373,0.49754,0.43912,0.38756
0.00023915,2.9076,8.1213,14.414,20.67,25.01,28.075,30.29,31.949,33.241,35.067,36.858,37.794,38.107,37.984,37.536,36.835,35.944,34.894,33.739,32.521,31.285,30.026,28.816,25.939,21.922,18.663,14.691,11.275,9.3856,8.2262,7.4122,6.7648,6.2204,5.7437,5.3142,4.9217,4.5635,4.2388,3.9389,3.6683,3.416,0,50.207,108.47,137,127.56,103.94,81.839,64.991,53.11,44.948,35.295,28.027,23.528,20.052,17.194,14.813,12.822,11.156,9.7618,8.5933,7.6133,6.7906,6.0992,5.5172,4.4294,3.398,2.8381,2.3414,1.9843,1.7379,1.5317,1.3515,1.1927,1.0527,0.92907,0.81999,0.7237,0.63873,0.56373,0.49754,0.43912,0.38756
0.00023822,2.8151,7.5907,12.882,17.78,21.027,23.299,24.97,26.269,27.33,28.952,30.736,31.901,32.601,32.966,33.074,32.976,32.715,32.316,31.818,31.251,30.65,30.009,29.384,27.831,25.567,23.62,21.021,18.399,16.51,14.986,13.659,12.457,11.359,10.35,9.423,8.572,7.7937,7.085,6.436,5.851,5.3142,0,50.207,108.47,137,127.56,103.94,81.839,64.991,53.11,44.948,35.295,28.027,23.528,20.052,17.194,14.813,12.822,11.156,9.7618,8.5933,7.6133,6.7906,6.0992,5.5172,4.4294,3.398,2.8381,2.3414,1.9843,1.7379,1.5317,1.3515,1.1927,1.0527,0.92907,0.81999,0.7237,0.63873,0.56373,0.49754,0.43912,0.38756
0.00023648,2.6402,6.5835,9.9467,12.177,13.187,13.741,14.123,14.454,14.768,15.34,16.053,16.555,16.876,17.059,17.135,17.123,17.041,16.904,16.727,16.521,16.304,16.069,15.843,15.283,14.476,13.784,12.855,11.876,11.095,10.396,9.7368,9.1042,8.499,7.922,7.3739,6.8561,6.3691,5.9132,5.4866,5.0903,4.7206,0,50.207,108.47,137,127.56,103.94,81.839,64.991,53.11,44.948,35.295,28.027,23.528,20.052,17.194,14.813,12.822,11.156,9.7618,8.5933,7.6133,6.7906,6.0992,5.5172,4.4294,3.398,2.8381,2.3414,1.9843,1.7379,1.5317,1.3515,1.1927,1.0527,0.92907,0.81999,0.7237,0.63873,0.56373,0.49754,0.43912,0.38756
0.0002394,2.9323,8.2612,14.809,21.391,25.966,29.17,31.448,33.116,34.38,36.083,37.626,38.282,38.312,37.917,37.22,36.298,35.215,34.001,32.712,31.388,30.076,28.764,27.53,24.687,20.892,17.972,14.637,11.922,10.421,9.4211,8.6324,7.9424,7.324,6.7591,6.2379,5.7559,5.3127,4.9071,4.5314,4.1902,3.8745,0,50.207,108.47,137,127.56,103.94,81.839,64.991,53.11,44.948,35.295,28.027,23.528,20.052,17.194,14.813,12.822,11.156,9.7618,8.5933,7.6133,6.7906,6.0992,5.5172,4.4294,3.398,2.8381,2.3414,1.9843,1.7379,1.5317,1.3515,1.1927,1.0527,0.92907,0.81999,0.7237,0.63873,0.56373,0.49754,0.43912,0.38756
0.0002381,2.8026,7.5172,12.657,17.323,20.341,22.4,23.872,24.984,25.865,27.142,28.423,29.101,29.332,29.248,28.929,28.427,27.788,27.036,26.211,25.342,24.463,23.568,22.713,20.684,17.87,15.598,12.832,10.411,8.9869,8.0257,7.2816,6.6476,6.0893,5.5869,5.129,4.7096,4.3271,3.9803,3.6612,3.3744,3.1109,0,50.207,108.47,137,127.56,103.94,81.839,64.991,53.11,44.948,35.295,28.027,23.528,20.052,17.194,14.813,12.822,11.156,9.7618,8.5933,7.6133,6.7906,6.0992,5.5172,4.4294,3.398,2.8381,2.3414,1.9843,1.7379,1.5317,1.3515,1.1927,1.0527,0.92907,0.81999,0.7237,0.63873,0.56373,0.49754,0.43912,0.38756
0.00023948,2.9409,8.3119,14.963,21.699,26.419,29.751,32.143,33.911,35.266,37.126,38.869,39.683,39.83,39.516,38.867,37.961,36.865,35.613,34.263,32.86,31.452,30.031,28.677,25.499,21.14,17.674,13.557,10.109,8.241,7.0988,6.2906,5.6439,5.1022,4.6322,4.2149,3.84,3.505,3.2078,2.9374,2.7002,2.4838,0,50.207,108.47,137,127.56,103.94,81.839,64.991,53.11,44.948,35.295,28.027,23.528,20.052,17.194,14.813,12.822,11.156,9.7618,8.5933,7.6133,6.7906,6.0992,5.5172,4.4294,3.398,2.8381,2.3414,1.9843,1.7379,1.5317,1.3515,1.1927,1.0527,0.92907,0.81999,0.7237,0.63873,0.56373,0.49754,0.43912,0.38756
0.00023805,2.7972,7.4875,12.578,17.195,20.199,22.276,23.792,24.966,25.923,27.377,28.955,29.951,30.509,30.751,30.753,30.562,30.222,29.753,29.196,28.578,27.931,27.252,26.592,24.97,22.628,20.632,17.995,15.373,13.531,12.087,10.863,9.7805,8.8124,7.9414,7.1553,6.4461,5.8086,5.2376,4.7206,4.2635,3.8495,0,50.207,108.47,137,127.56,103.94,81.839,64.991,53.11,44.948,35.295,28.027,23.528,20.052,17.194,14.813,12.822,11.156,9.7618,8.5933,7.6133,6.7906,6.0992,5.5172,4.4294,3.398,2.8381,2.3414,1.9843,1.7379,1.5317,1.3515,1.1927,1.0527,0.92907,0.81999,0.7237,0.63873,0.56373,0.49754,0.43912,0.38756
0.0002364,2.632,6.5368,9.8124,11.926,12.845,13.336,13.676,13.983,14.284,14.853,15.587,16.126,16.494,16.73,16.86,16.903,16.876,16.791,16.666,16.509,16.337,16.146,15.96,15.484,14.78,14.165,13.324,12.435,11.724,11.086,10.476,9.8833,9.3076,8.7506,8.2142,7.7005,7.2113,6.7476,6.3089,5.8961,5.5076,0,50.207,108.47,137,127.56,103.94,81.839,64.991,53.11,44.948,35.295,28.027,23.528,20.052,17.194,14.813,12.822,11.156,9.7618,8.5933,7.6133,6.7906,6.0992,5.5172,4.4294,3.398,2.8381,2.3414,1.9843,1.7379,1.5317,1.3515,1.1927,1.0527,0.92907,0.81999,0.7237,0.63873,0.56373,0.49754,0.43912,0.38756
0.00023875,2.8658,7.8865,13.726,19.344,23.139,25.753,27.606,28.97,30.024,31.484,32.786,33.321,33.394,33.13,32.557,31.757,30.833,29.844,28.8,27.72,26.634,25.559,24.51,22.125,18.9,16.388,13.494,11.113,9.8042,8.9173,8.2302,7.6379,7.0982,6.6003,6.1382,5.7083,5.3093,4.9393,4.596,4.2778,3.9794,0,50.207,108.47,137,127.56,103.94,81.839,64.991,53.11,44.948,35.295,28.027,23.528,20.052,17.194,14.813,12.822,11.156,9.7618,8.5933,7.6133,6.7906,6.0992,5.5172,4.4294,3.398,2.8381,2.3414,1.9843,1.7379,1.5317,1.3515,1.1927,1.0527,0.92907,0.81999,0.7237,0.63873,0.56373,0.49754,0.43912,0.38756
0.00023815,2.8051,7.5397,12.718,17.431,20.475,22.525,23.969,25.038,25.874,27.053,28.116,28.556,28.616,28.388,27.901,27.224,26.442,25.603,24.718,23.801,22.878,21.964,21.071,19.037,16.276,14.116,11.612,9.5369,8.3914,7.6173,7.0206,6.5091,6.0453,5.6189,5.2244,4.8583,4.5193,4.2058,3.9154,3.647,3.3954,0,50.207,108.47,137,127.56,103.94,81.839,64.991,53.11,44.948,35.295,28.027,23.528,20.052,17.194,14.813,12.822,11.156,9.7618,8.5933,7.6133,6.7906,6.0992,5.5172,4.4294,3.398,2.8381,2.3414,1.9843,1.7379,1.5317,1.3515,1.1927,1.0527,0.92907,0.81999,0.7237,0.63873,0.56373,0.49754,0.43912,0.38756
0.00024002,2.9941,8.6186,15.853,23.38,28.755,32.555,35.263,37.241,38.739,40.762,42.51,43.171,43.185,42.744,41.883,40.708,39.362,37.928,36.422,34.866,33.302,31.756,30.248,26.812,22.153,18.518,14.33,10.933,9.1617,8.0554,7.2681,6.6336,6.0812,5.5888,5.1443,4.74,4.3724,4.0381,3.7331,3.4549,3.1951,0,50.207,108.47,137,127.56,103.94,81.839,64.991,53.11,44.948,35.295,28.027,23.528,20.052,17.194,14.813,12.822,11.156,9.7618,8.5933,7.6133,6.7906,6.0992,5.5172,4.4294,3.398,2.8381,2.3414,1.9843,1.7379,1.5317,1.3515,1.1927,1.0527,0.92907,0.81999,0.7237,0.63873,0.56373,0.49754,0.43912,0.38756
0.00023845,2.8365,7.7212,13.259,18.492,22.01,24.462,26.246,27.609,28.708,30.349,32.026,33.007,33.554,33.769,33.676,33.346,32.871,32.304,31.656,30.942,30.193,29.426,28.655,26.822,24.191,21.975,19.104,16.294,14.353,12.822,11.527,10.386,9.36,8.4342,7.5983,6.8443,6.1658,5.5556,5.0061,4.5124,4.0582,0,50.207,108.47,137,127.56,103.94,81.839,64.991,53.11,44.948,35.295,28.027,23.528,20.052,17.194,14.813,12.822,11.156,9.7618,8.5933,7.6133,6.7906,6.0992,5.5172,4.4294,3.398,2.8381,2.3414,1.9843,1.7379,1.5317,1.3515,1.1927,1.0527,0.92907,0.81999,0.7237,0.63873,0.56373,0.49754,0.43912,0.38756
0.00023632,2.6206,6.4877,9.6655,11.65,12.449,12.83,13.083,13.315,13.558,14.024,14.592,14.995,15.276,15.431,15.477,15.447,15.37,15.258,15.116,14.95,14.77,14.582,14.392,13.938,13.288,12.741,12.031,11.303,10.731,10.205,9.698,9.199,8.708,8.2284,7.7631,7.3143,6.884,6.4733,6.0826,5.7122,5.362,0,50.207,108.47,137,127.56,103.94,81.839,64.991,53.11,44.948,35.295,28.027,23.528,20.052,17.194,14.813,12.822,11.156,9.7618,8.5933,7.6133,6.7906,6.0992,5.5172,4.4294,3.398,2.8381,2.3414,1.9843,1.7379,1.5317,1.3515,1.1927,1.0527,0.92907,0.81999,0.7237,0.63873,0.56373,0.49754,0.43912,0.38756
0.00023913,2.9059,8.1092,14.367,20.551,24.795,27.748,29.843,31.375,32.539,34.106,35.523,36.111,36.112,35.716,35.038,34.147,33.101,31.936,30.703,29.44,28.187,26.943,25.769,23.07,19.463,16.698,13.563,11.047,9.6934,8.8179,8.1375,7.5444,7.0135,6.5252,6.0715,5.6488,5.2584,4.8969,4.5616,4.2521,3.9669,0,50.207,108.47,137,127.56,103.94,81.839,64.991,53.11,44.948,35.295,28.027,23.528,20.052,17.194,14.813,12.822,11.156,9.7618,8.5933,7.6133,6.7906,6.0992,5.5172,4.4294,3.398,2.8381,2.3414,1.9843,1.7379,1.5317,1.3515,1.1927,1.0527,0.92907,0.81999,0.7237,0.63873,0.56373,0.49754,0.43912,0.38756
0.00023826,2.8183,7.6064,12.912,17.797,20.983,23.157,24.699,25.85,26.749,28.022,29.261,29.878,30.043,29.897,29.525,28.98,28.307,27.533,26.698,25.832,24.965,24.097,23.274,21.364,18.781,16.764,14.399,12.365,11.123,10.208,9.4325,8.7281,8.0803,7.4773,6.9148,6.3906,5.9054,5.4563,5.041,4.6585,4.3072,0,50.207,108.47,137,127.56,103.94,81.839,64.991,53.11,44.948,35.295,28.027,23.528,20.052,17.194,14.813,12.822,11.156,9.7618,8.5933,7.6133,6.7906,6.0992,5.5172,4.4294,3.398,2.8381,2.3414,1.9843,1.7379,1.5317,1.3515,1.1927,1.0527,0.92907,0.81999,0.7237,0.63873,0.56373,0.49754,0.43912,0.38756
0.00023946,2.939,8.3016,14.937,21.66,26.383,29.731,32.149,33.95,35.342,37.284,39.156,40.097,40.366,40.167,39.622,38.807,37.786,36.6,35.307,33.952,32.579,31.192,29.858,26.699,22.299,18.749,14.461,10.811,8.8294,7.6408,6.8236,6.1848,5.6578,5.2009,4.7932,4.4231,4.0906,3.7899,3.516,3.2685,3.045,0,50.207,108.47,137,127.56,103.94,81.839,64.991,53.11,44.948,35.295,28.027,23.528,20.052,17.194,14.813,12.822,11.156,9.7618,8.5933,7.6133,6.7906,6.0992,5.5172,4.4294,3.398,2.8381,2.3414,1.9843,1.7379,1.5317,1.3515,1.1927,1.0527,0.92907,0.81999,0.7237,0.63873,0.56373,0.49754,0.43912,0.38756
0.00023827,2.8193,7.6145,12.948,17.9,21.182,23.472,25.145,26.435,27.48,29.052,30.739,31.791,32.368,32.603,32.578,32.344,31.944,31.41,30.779,30.084,29.356,28.6,27.861,26.05,23.426,21.194,18.257,15.365,13.375,11.851,10.584,9.4782,8.5011,7.6288,6.8472,6.1462,5.5208,4.9617,4.4625,4.0187,3.6271,0,50.207,108.47,137,127.56,103.94,81.839,64.991,53.11,44.948,35.295,28.027,23.528,20.052,17.194,14.813,12.822,11.156,9.7618,8.5933,7.6133,6.7906,6.0992,5.5172,4.4294,3.398,2.8381,2.3414,1.9843,1.7379,1.5317,1.3515,1.1927,1.0527,0.92907,0.81999,0.7237,0.63873,0.56373,0.49754,0.43912,0.38756
0.00023647,2.6386,6.5748,9.9213,12.129,13.123,13.664,14.038,14.365,14.678,15.254,15.982,16.507,16.858,17.077,17.193,17.224,17.188,17.098,16.97,16.815,16.647,16.465,16.289,15.85,15.214,14.67,13.94,13.15,12.485,11.858,11.242,10.633,10.036,9.4546,8.8917,8.3504,7.8331,7.3407,6.8738,6.4322,6.0159,0,50.207,108.47,137,127.56,103.94,81.839,64.991,53.11,44.948,35.295,28.027,23.528,20.052,17.194,14.813,12.822,11.156,9.7618,8.5933,7.6133,6.7906,6.0992,5.5172,4.4294,3.398,2.8381,2.3414,1.9843,1.7379,1.5317,1.3515,1.1927,1.0527,0.92907,0.81999,0.7237,0.63873,0.56373,0.49754,0.43912,0.38756
0.000239,2.8905,8.025,14.115,20.046,24.06,26.792,28.683,30.03,31.028,32.311,33.28,33.448,33.161,32.555,31.661,30.568,29.385,28.171,26.934,25.689,24.468,23.282,22.151,19.655,16.422,14.025,11.422,9.3682,8.2327,7.4442,6.7898,6.2128,5.6934,5.2184,4.7833,4.3874,4.0271,3.6997,3.4017,3.1331,2.8897,0,50.207,108.47,137,127.56,103.94,81.839,64.991,53.11,44.948,35.295,28.027,23.528,20.052,17.194,14.813,12.822,11.156,9.7618,8.5933,7.6133,6.7906,6.0992,5.5172,4.4294,3.398,2.8381,2.3414,1.9843,1.7379,1.5317,1.3515,1.1927,1.0527,0.92907,0.81999,0.7237,0.63873,0.56373,0.49754,0.43912,0.38756
0.00023949,2.9408,8.3155,14.977,21.731,26.483,29.832,32.235,34.012,35.383,37.296,39.051,39.857,40.093,39.919,39.363,38.523,37.524,36.436,35.272,34.054,32.82,31.589,30.387,27.621,23.842,20.86,17.367,14.426,12.76,11.64,10.744,9.9627,9.256,8.6006,7.9883,7.4189,6.8897,6.398,5.9411,5.519,5.1275,0,50.207,108.47,137,127.56,103.94,81.839,64.991,53.11,44.948,35.295,28.027,23.528,20.052,17.194,14.813,12.822,11.156,9.7618,8.5933,7.6133,6.7906,6.0992,5.5172,4.4294,3.398,2.8381,2.3414,1.9843,1.7379,1.5317,1.3515,1.1927,1.0527,0.92907,0.81999,0.7237,0.63873,0.56373,0.49754,0.43912,0.38756
0.00023923,2.9147,8.1664,14.545,20.916,25.353,28.47,30.707,32.368,33.655,35.462,37.123,37.878,38.081,37.877,37.297,36.433,35.406,34.281,33.075,31.808,30.52,29.228,27.959,25.006,20.899,17.592,13.625,10.258,8.435,7.3374,6.5658,5.9616,5.4579,5.0163,4.619,4.2618,3.9395,3.6476,3.382,3.1428,2.9244,0,50.207,108.47,137,127.56,103.94,81.839,64.991,53.11,44.948,35.295,28.027,23.528,20.052,17.194,14.813,12.822,11.156,9.7618,8.5933,7.6133,6.7906,6.0992,5.5172,4.4294,3.398,2.8381,2.3414,1.9843,1.7379,1.5317,1.3515,1.1927,1.0527,0.92907,0.81999,0.7237,0.63873,0.56373,0.49754,0.43912,0.38756
0.00023827,2.8175,7.6131,12.946,17.905,21.201,23.494,25.17,26.462,27.516,29.116,30.788,31.807,32.415,32.702,32.687,32.443,32.054,31.57,30.999,30.359,29.679,28.973,28.262,26.539,24.02,21.85,18.959,16.044,13.983,12.373,11.015,9.8314,8.7848,7.8522,7.019,6.277,5.6159,5.029,4.506,4.0472,3.641,0,50.207,108.47,137,127.56,103.94,81.839,64.991,53.11,44.948,35.295,28.027,23.528,20.052,17.194,14.813,12.822,11.156,9.7618,8.5933,7.6133,6.7906,6.0992,5.5172,4.4294,3.398,2.8381,2.3414,1.9843,1.7379,1.5317,1.3515,1.1927,1.0527,0.92907,0.81999,0.7237,0.63873,0.56373,0.49754,0.43912,0.38756
0.00023638,2.6272,6.5252,9.776,11.864,12.752,13.205,13.515,13.794,14.077,14.609,15.26,15.735,16.082,16.297,16.399,16.421,16.391,16.325,16.224,16.098,15.955,15.801,15.644,15.261,14.703,14.224,13.583,12.893,12.31,11.756,11.204,10.652,10.106,9.5677,9.0427,8.5341,8.0445,7.5749,7.1265,6.6995,6.2947,0,50.207,108.47,137,127.56,103.94,81.839,64.991,53.11,44.948,35.295,28.027,23.528,20.052,17.194,14.813,12.822,11.156,9.7618,8.5933,7.6133,6.7906,6.0992,5.5172,4.4294,3.398,2.8381,2.3414,1.9843,1.7379,1.5317,1.3515,1.1927,1.0527,0.92907,0.81999,0.7237,0.63873,0.56373,0.49754,0.43912,0.38756
0.00023919,2.9101,8.139,14.458,20.728,25.058,28.067,30.2,31.759,32.95,34.573,35.987,36.533,36.564,36.228,35.554,34.632,33.58,32.462,31.289,30.08,28.869,27.674,26.514,23.889,20.367,17.645,14.532,11.965,10.523,9.5409,8.7458,8.0504,7.4229,6.8454,6.3107,5.819,5.3663,4.9498,4.5674,4.2182,3.8971,0,50.207,108.47,137,127.56,103.94,81.839,64.991,53.11,44.948,35.295,28.027,23.528,20.052,17.194,14.813,12.822,11.156,9.7618,8.5933,7.6133,6.7906,6.0992,5.5172,4.4294,3.398,2.8381,2.3414,1.9843,1.7379,1.5317,1.3515,1.1927,1.0527,0.92907,0.81999,0.7237,0.63873,0.56373,0.49754,0.43912,0.38756
0.00023864,2.8549,7.8245,13.547,19.009,22.679,25.205,26.998,28.325,29.356,30.8,32.11,32.676,32.793,32.579,32.059,31.316,30.449,29.513,28.52,27.488,26.446,25.411,24.4,22.088,18.941,16.468,13.582,11.163,9.799,8.8868,8.1623,7.5355,6.9727,6.455,5.9745,5.5315,5.1224,4.7448,4.3967,4.0775,3.783,0,50.207,108.47,137,127.56,103.94,81.839,64.991,53.11,44.948,35.295,28.027,23.528,20.052,17.194,14.813,12.822,11.156,9.7618,8.5933,7.6133,6.7906,6.0992,5.5172,4.4294,3.398,2.8381,2.3414,1.9843,1.7379,1.5317,1.3515,1.1927,1.0527,0.92907,0.81999,0.7237,0.63873,0.56373,0.49754,0.43912,0.38756
0.000239,2.8907,8.0259,14.116,20.042,24.044,26.76,28.631,29.954,30.926,32.151,33.022,33.084,32.683,31.961,30.95,29.738,28.437,27.107,25.758,24.405,23.078,21.792,20.564,17.853,14.335,11.726,8.8953,6.706,5.5682,4.8436,4.2867,3.8256,3.4322,3.0883,2.7855,2.5216,2.2902,2.0874,1.91,1.757,1.6223,0,50.207,108.47,137,127.56,103.94,81.839,64.991,53.11,44.948,35.295,28.027,23.528,20.052,17.194,14.813,12.822,11.156,9.7618,8.5933,7.6133,6.7906,6.0992,5.5172,4.4294,3.398,2.8381,2.3414,1.9843,1.7379,1.5317,1.3515,1.1927,1.0527,0.92907,0.81999,0.7237,0.63873,0.56373,0.49754,0.43912,0.38756
0.00023885,2.8761,7.9477,13.921,19.76,23.794,26.648,28.739,30.338,31.623,33.543,35.518,36.699,37.387,37.7,37.661,37.349,36.869,36.279,35.591,34.825,34.013,33.175,32.33,30.299,27.352,24.84,21.545,18.291,16.038,14.293,12.819,11.524,10.368,9.3278,8.3878,7.5423,6.7807,6.0969,5.4833,4.9387,4.4487,0,50.207,108.47,137,127.56,103.94,81.839,64.991,53.11,44.948,35.295,28.027,23.528,20.052,17.194,14.813,12.822,11.156,9.7618,8.5933,7.6133,6.7906,6.0992,5.5172,4.4294,3.398,2.8381,2.3414,1.9843,1.7379,1.5317,1.3515,1.1927,1.0527,0.92907,0.81999,0.7237,0.63873,0.56373,0.49754,0.43912,0.38756
0.00023624,2.6126,6.4419,9.5346,11.408,12.121,12.444,12.663,12.877,13.114,13.587,14.186,14.633,14.962,15.161,15.249,15.258,15.213,15.127,15.004,14.853,14.682,14.497,14.306,13.829,13.109,12.47,11.597,10.686,9.9995,9.4158,8.8776,8.3658,7.8747,7.4024,6.9493,6.5172,6.1068,5.7182,5.3514,5.0065,4.6822,0,50.207,108.47,137,127.56,103.94,81.839,64.991,53.11,44.948,35.295,28.027,23.528,20.052,17.194,14.813,12.822,11.156,9.7618,8.5933,7.6133,6.7906,6.0992,5.5172,4.4294,3.398,2.8381,2.3414,1.9843,1.7379,1.5317,1.3515,1.1927,1.0527,0.92907,0.81999,0.7237,0.63873,0.56373,0.49754,0.43912,0.38756
0.00023892,2.8846,7.9872,14.016,19.891,23.89,26.668,28.646,30.104,31.222,32.757,34.187,34.836,34.924,34.628,34.055,33.278,32.349,31.296,30.17,29.006,27.848,26.683,25.58,23.033,19.598,16.922,13.809,11.22,9.7552,8.7706,7.9956,7.3228,6.7223,6.1776,5.678,5.219,4.7982,4.4158,4.0647,3.7444,3.4549,0,50.207,108.47,137,127.56,103.94,81.839,64.991,53.11,44.948,35.295,28.027,23.528,20.052,17.194,14.813,12.822,11.156,9.7618,8.5933,7.6133,6.7906,6.0992,5.5172,4.4294,3.398,2.8381,2.3414,1.9843,1.7379,1.5317,1.3515,1.1927,1.0527,0.92907,0.81999,0.7237,0.63873,0.56373,0.49754,0.43912,0.38756
0.00023855,2.8479,7.7771,13.409,18.743,22.302,24.759,26.51,27.813,28.825,30.244,31.607,32.27,32.424,32.227,31.771,31.123,30.331,29.421,28.439,27.416,26.394,25.359,24.377,22.093,18.989,16.548,13.679,11.276,9.9159,9.0066,8.2932,7.6717,7.1125,6.6001,6.1247,5.6825,5.2722,4.8948,4.5444,4.2209,3.9244,0,50.207,108.47,137,127.56,103.94,81.839,64.991,53.11,44.948,35.295,28.027,23.528,20.052,17.194,14.813,12.822,11.156,9.7618,8.5933,7.6133,6.7906,6.0992,5.5172,4.4294,3.398,2.8381,2.3414,1.9843,1.7379,1.5317,1.3515,1.1927,1.0527,0.92907,0.81999,0.7237,0.63873,0.56373,0.49754,0.43912,0.38756
0.0002391,2.9028,8.0926,14.325,20.485,24.727,27.698,29.825,31.398,32.608,34.278,35.847,36.578,36.705,36.412,35.813,34.984,33.983,32.839,31.608,30.326,29.043,27.745,26.506,23.613,19.643,16.484,12.716,9.527,7.7578,6.6443,5.8392,5.19,4.645,4.1753,3.7624,3.3964,3.0722,2.7889,2.5362,2.313,2.1195,0,50.207,108.47,137,127.56,103.94,81.839,64.991,53.11,44.948,35.295,28.027,23.528,20.052,17.194,14.813,12.822,11.156,9.7618,8.5933,7.6133,6.7906,6.0992,5.5172,4.4294,3.398,2.8381,2.3414,1.9843,1.7379,1.5317,1.3515,1.1927,1.0527,0.92907,0.81999,0.7237,0.63873,0.56373,0.49754,0.43912,0.38756
0.00023826,2.8187,7.611,12.938,17.882,21.158,23.445,25.118,26.411,27.459,29.045,30.761,31.852,32.475,32.763,32.795,32.627,32.3,31.839,31.283,30.662,30.012,29.326,28.657,27.025,24.669,22.664,20.008,17.34,15.417,13.868,12.527,11.324,10.236,9.2491,8.3526,7.5393,6.8038,6.1418,5.5421,5.0031,4.5229,0,50.207,108.47,137,127.56,103.94,81.839,64.991,53.11,44.948,35.295,28.027,23.528,20.052,17.194,14.813,12.822,11.156,9.7618,8.5933,7.6133,6.7906,6.0992,5.5172,4.4294,3.398,2.8381,2.3414,1.9843,1.7379,1.5317,1.3515,1.1927,1.0527,0.92907,0.81999,0.7237,0.63873,0.56373,0.49754,0.43912,0.38756
0.00023621,2.6124,6.4245,9.4848,11.299,11.965,12.26,12.451,12.644,12.855,13.292,13.879,14.315,14.607,14.788,14.879,14.894,14.85,14.757,14.63,14.476,14.311,14.128,13.95,13.505,12.853,12.288,11.532,10.757,10.161,9.6382,9.1437,8.6623,8.1933,7.7377,7.2967,6.8722,6.4658,6.0789,5.7113,5.3632,5.0349,0,50.207,108.47,137,127.56,103.94,81.839,64.991,53.11,44.948,35.295,28.027,23.528,20.052,17.194,14.813,12.822,11.156,9.7618,8.5933,7.6133,6.7906,6.0992,5.5172,4.4294,3.398,2.8381,2.3414,1.9843,1.7379,1.5317,1.3515,1.1927,1.0527,0.92907,0.81999,0.7237,0.63873,0.56373,0.49754,0.43912,0.38756
0.00023865,2.8566,7.8252,13.538,18.964,22.567,25.024,26.742,27.988,28.928,30.176,31.263,31.648,31.537,31.095,30.419,29.581,28.625,27.576,26.481,25.368,24.278,23.195,22.183,19.901,16.914,14.674,12.189,10.219,9.1245,8.3698,7.7508,7.1973,6.679,6.2053,5.77,5.3595,4.976,4.62,4.2956,3.9982,3.7223,0,50.207,108.47,137,127.56,103.94,81.839,64.991,53.11,44.948,35.295,28.027,23.528,20.052,17.194,14.813,12.822,11.156,9.7618,8.5933,7.6133,6.7906,6.0992,5.5172,4.4294,3.398,2.8381,2.3414,1.9843,1.7379,1.5317,1.3515,1.1927,1.0527,0.92907,0.81999,0.7237,0.63873,0.56373,0.49754,0.43912,0.38756
0.0002383,2.8222,7.6301,12.985,17.946,21.207,23.45,25.057,26.267,27.22,28.591,29.957,30.677,30.921,30.83,30.49,29.962,29.29,28.499,27.632,26.717,25.795,24.854,23.952,21.834,18.905,16.552,13.707,11.239,9.7936,8.8137,8.0501,7.3971,6.8034,6.27,5.787,5.3375,4.9209,4.5374,4.1913,3.8771,3.588,0,50.207,108.47,137,127.56,103.94,81.839,64.991,53.11,44.948,35.295,28.027,23.528,20.052,17.194,14.813,12.822,11.156,9.7618,8.5933,7.6133,6.7906,6.0992,5.5172,4.4294,3.398,2.8381,2.3414,1.9843,1.7379,1.5317,1.3515,1.1927,1.0527,0.92907,0.81999,0.7237,0.63873,0.56373,0.49754,0.43912,0.38756
0.00023932,2.9249,8.2206,14.703,21.219,25.772,28.999,31.333,33.078,34.433,36.341,38.204,39.174,39.494,39.357,38.881,38.148,37.217,36.119,34.913,33.639,32.347,31.028,29.756,26.745,22.527,19.088,14.842,11.094,8.9211,7.5202,6.5096,5.7126,5.0365,4.4694,3.9889,3.5644,3.1897,2.8609,2.5822,2.3434,2.1332,0,50.207,108.47,137,127.56,103.94,81.839,64.991,53.11,44.948,35.295,28.027,23.528,20.052,17.194,14.813,12.822,11.156,9.7618,8.5933,7.6133,6.7906,6.0992,5.5172,4.4294,3.398,2.8381,2.3414,1.9843,1.7379,1.5317,1.3515,1.1927,1.0527,0.92907,0.81999,0.7237,0.63873,0.56373,0.49754,0.43912,0.38756
0.00023821,2.8135,7.5809,12.849,17.706,20.904,23.125,24.741,25.984,26.987,28.491,30.092,31.074,31.592,31.777,31.709,31.445,31.025,30.475,29.834,29.131,28.403,27.641,26.901,25.11,22.541,20.375,17.547,14.787,12.891,11.432,10.215,9.155,8.2055,7.3625,6.6128,5.9378,5.3322,4.7912,4.3137,3.8914,3.5153,0,50.207,108.47,137,127.56,103.94,81.839,64.991,53.11,44.948,35.295,28.027,23.528,20.052,17.194,14.813,12.822,11.156,9.7618,8.5933,7.6133,6.7906,6.0992,5.5172,4.4294,3.398,2.8381,2.3414,1.9843,1.7379,1.5317,1.3515,1.1927,1.0527,0.92907,0.81999,0.7237,0.63873,0.56373,0.49754,0.43912,0.38756
0.00023632,2.6233,6.4867,9.6652,11.64,12.438,12.83,13.091,13.333,13.58,14.06,14.686,15.14,15.44,15.622,15.71,15.723,15.675,15.578,15.447,15.291,15.124,14.942,14.766,14.334,13.714,13.188,12.493,11.769,11.183,10.643,10.116,9.5958,9.0819,8.5814,8.0965,7.6275,7.177,6.7468,6.3385,5.952,5.5865,0,50.207,108.47,137,127.56,103.94,81.839,64.991,53.11,44.948,35.295,28.027,23.528,20.052,17.194,14.813,12.822,11.156,9.7618,8.5933,7.6133,6.7906,6.0992,5.5172,4.4294,3.398,2.8381,2.3414,1.9843,1.7379,1.5317,1.3515,1.1927,1.0527,0.92907,0.81999,0.7237,0.63873,0.56373,0.49754,0.43912,0.38756
0.00023874,2.8666,7.8843,13.718,19.326,23.105,25.721,27.583,28.96,30.021,31.493,32.884,33.541,33.671,33.439,32.947,32.259,31.428,30.481,29.465,28.413,27.364,26.31,25.316,23.008,19.897,17.468,14.619,12.185,10.724,9.6777,8.8162,8.0521,7.3635,6.7356,6.1601,5.6323,5.1508,4.7138,4.3126,3.951,3.6217,0,50.207,108.47,137,127.56,103.94,81.839,64.991,53.11,44.948,35.295,28.027,23.528,20.052,17.194,14.813,12.822,11.156,9.7618,8.5933,7.6133,6.7906,6.0992,5.5172,4.4294,3.398,2.8381,2.3414,1.9843,1.7379,1.5317,1.3515,1.1927,1.0527,0.92907,0.81999,0.7237,0.63873,0.56373,0.49754,0.43912,0.38756
0.00023825,2.8168,7.5982,12.89,17.759,20.936,23.108,24.653,25.811,26.717,28.008,29.27,29.904,30.077,29.928,29.544,28.98,28.283,27.477,26.603,25.691,24.777,23.852,22.975,20.92,18.12,15.91,13.302,11.103,9.848,9.0008,8.3298,7.7407,7.2076,6.7151,6.2557,5.8257,5.4252,5.0545,4.7076,4.3878,4.0906,0,50.207,108.47,137,127.56,103.94,81.839,64.991,53.11,44.948,35.295,28.027,23.528,20.052,17.194,14.813,12.822,11.156,9.7618,8.5933,7.6133,6.7906,6.0992,5.5172,4.4294,3.398,2.8381,2.3414,1.9843,1.7379,1.5317,1.3515,1.1927,1.0527,0.92907,0.81999,0.7237,0.63873,0.56373,0.49754,0.43912,0.38756
0.00023906,2.8987,8.0688,14.256,20.355,24.547,27.482,29.583,31.139,32.338,33.997,35.564,36.306,36.453,36.187,35.62,34.823,33.858,32.753,31.562,30.323,29.081,27.828,26.635,23.839,20.012,16.976,13.371,10.333,8.6452,7.5707,6.7768,6.121,5.558,5.0609,4.6147,4.2107,3.8469,3.5218,3.2251,2.9616,2.7233,0,50.207,108.47,137,127.56,103.94,81.839,64.991,53.11,44.948,35.295,28.027,23.528,20.052,17.194,14.813,12.822,11.156,9.7618,8.5933,7.6133,6.7906,6.0992,5.5172,4.4294,3.398,2.8381,2.3414,1.9843,1.7379,1.5317,1.3515,1.1927,1.0527,0.92907,0.81999,0.7237,0.63873,0.56373,0.49754,0.43912,0.38756
0.00023852,2.8447,7.7602,13.37,18.697,22.284,24.799,26.631,28.032,29.153,30.814,32.564,33.627,34.183,34.378,34.302,34.013,33.559,32.966,32.277,31.527,30.75,29.943,29.165,27.279,24.599,22.363,19.482,16.693,14.767,13.261,11.976,10.831,9.7983,8.8625,8.0124,7.2405,6.5425,5.9141,5.3423,4.8322,4.3718,0,50.207,108.47,137,127.56,103.94,81.839,64.991,53.11,44.948,35.295,28.027,23.528,20.052,17.194,14.813,12.822,11.156,9.7618,8.5933,7.6133,6.7906,6.0992,5.5172,4.4294,3.398,2.8381,2.3414,1.9843,1.7379,1.5317,1.3515,1.1927,1.0527,0.92907,0.81999,0.7237,0.63873,0.56373,0.49754,0.43912,0.38756
0.00023626,2.6174,6.4527,9.5651,11.447,12.164,12.492,12.702,12.903,13.116,13.543,14.106,14.512,14.775,14.929,14.997,14.994,14.935,14.833,14.7,14.546,14.383,14.207,14.04,13.629,13.047,12.556,11.909,11.227,10.664,10.138,9.6232,9.114,8.6146,8.1278,7.6561,7.2021,6.7678,6.3542,5.9615,5.5902,5.2398,0,50.207,108.47,137,127.56,103.94,81.839,64.991,53.11,44.948,35.295,28.027,23.528,20.052,17.194,14.813,12.822,11.156,9.7618,8.5933,7.6133,6.7906,6.0992,5.5172,4.4294,3.398,2.8381,2.3414,1.9843,1.7379,1.5317,1.3515,1.1927,1.0527,0.92907,0.81999,0.7237,0.63873,0.56373,0.49754,0.43912,0.38756
0.00023866,2.8582,7.8353,13.572,19.038,22.688,25.192,26.958,28.251,29.237,30.573,31.782,32.273,32.252,31.884,31.268,30.467,29.53,28.491,27.393,26.272,25.16,24.059,23.02,20.635,17.451,15.012,12.242,9.9976,8.7632,7.9437,7.2958,6.7282,6.22,5.7543,5.324,4.9258,4.5604,4.2241,3.914,3.631,3.3695,0,50.207,108.47,137,127.56,103.94,81.839,64.991,53.11,44.948,35.295,28.027,23.528,20.052,17.194,14.813,12.822,11.156,9.7618,8.5933,7.6133,6.7906,6.0992,5.5172,4.4294,3.398,2.8381,2.3414,1.9843,1.7379,1.5317,1.3515,1.1927,1.0527,0.92907,0.81999,0.7237,0.63873,0.56373,0.49754,0.43912,0.38756
0.00023886,2.8783,7.9525,13.922,19.731,23.696,26.472,28.472,29.969,31.139,32.797,34.43,35.286,35.579,35.479,35.088,34.471,33.681,32.755,31.739,30.673,29.592,28.502,27.455,24.985,21.565,18.825,15.534,12.706,11.082,10.003,9.17,8.4546,7.8194,7.2395,6.7037,6.2061,5.7478,5.3246,4.9328,4.5739,4.2409,0,50.207,108.47,137,127.56,103.94,81.839,64.991,53.11,44.948,35.295,28.027,23.528,20.052,17.194,14.813,12.822,11.156,9.7618,8.5933,7.6133,6.7906,6.0992,5.5172,4.4294,3.398,2.8381,2.3414,1.9843,1.7379,1.5317,1.3515,1.1927,1.0527,0.92907,0.81999,0.7237,0.63873,0.56373,0.49754,0.43912,0.38756
0.00023893,2.8852,7.9912,14.03,19.924,23.945,26.748,28.751,30.234,31.377,32.957,34.447,35.141,35.261,34.984,34.418,33.629,32.673,31.587,30.419,29.209,27.994,26.778,25.616,22.9,19.181,16.241,12.777,9.8902,8.3219,7.3465,6.6355,6.05,5.5481,5.1014,4.6967,4.3268,3.9922,3.6878,3.4093,3.1586,2.9278,0,50.207,108.47,137,127.56,103.94,81.839,64.991,53.11,44.948,35.295,28.027,23.528,20.052,17.194,14.813,12.822,11.156,9.7618,8.5933,7.6133,6.7906,6.0992,5.5172,4.4294,3.398,2.8381,2.3414,1.9843,1.7379,1.5317,1.3515,1.1927,1.0527,0.92907,0.81999,0.7237,0.63873,0.56373,0.49754,0.43912,0.38756
0.00023869,2.8614,7.8571,13.656,19.252,23.076,25.784,27.774,29.305,30.538,32.386,34.374,35.639,36.371,36.722,36.784,36.616,36.263,35.76,35.15,34.47,33.752,33.001,32.268,30.471,27.872,25.669,22.778,19.906,17.857,16.209,14.771,13.467,12.275,11.179,10.171,9.246,8.4011,7.6291,6.9245,6.2875,5.7058,0,50.207,108.47,137,127.56,103.94,81.839,64.991,53.11,44.948,35.295,28.027,23.528,20.052,17.194,14.813,12.822,11.156,9.7618,8.5933,7.6133,6.7906,6.0992,5.5172,4.4294,3.398,2.8381,2.3414,1.9843,1.7379,1.5317,1.3515,1.1927,1.0527,0.92907,0.81999,0.7237,0.63873,0.56373,0.49754,0.43912,0.38756
0.00023633,2.6248,6.4951,9.6884,11.682,12.494,12.894,13.158,13.401,13.646,14.122,14.74,15.189,15.487,15.672,15.766,15.787,15.749,15.666,15.551,15.413,15.265,15.104,14.951,14.568,14.015,13.538,12.879,12.134,11.478,10.851,10.236,9.633,9.0464,8.4795,7.9355,7.4166,6.9244,6.4593,6.0212,5.6101,5.2251,0,50.207,108.47,137,127.56,103.94,81.839,64.991,53.11,44.948,35.295,28.027,23.528,20.052,17.194,14.813,12.822,11.156,9.7618,8.5933,7.6133,6.7906,6.0992,5.5172,4.4294,3.398,2.8381,2.3414,1.9843,1.7379,1.5317,1.3515,1.1927,1.0527,0.92907,0.81999,0.7237,0.63873,0.56373,0.49754,0.43912,0.38756
0.00023909,2.9021,8.0886,14.315,20.47,24.713,27.69,29.827,31.415,32.643,34.355,36,36.82,37.043,36.856,36.366,35.653,34.769,33.744,32.632,31.469,30.302,29.118,27.989,25.361,21.767,18.921,15.538,12.657,10.994,9.8693,8.988,8.2262,7.5462,6.9311,6.3669,5.8483,5.372,4.9382,4.5413,4.1777,3.8483,0,50.207,108.47,137,127.56,103.94,81.839,64.991,53.11,44.948,35.295,28.027,23.528,20.052,17.194,14.813,12.822,11.156,9.7618,8.5933,7.6133,6.7906,6.0992,5.5172,4.4294,3.398,2.8381,2.3414,1.9843,1.7379,1.5317,1.3515,1.1927,1.0527,0.92907,0.81999,0.7237,0.63873,0.56373,0.49754,0.43912,0.38756
0.00023874,2.8668,7.8863,13.729,19.363,23.182,25.849,27.767,29.207,30.333,31.94,33.538,34.398,34.722,34.673,34.349,33.819,33.131,32.312,31.41,30.457,29.497,28.517,27.581,25.395,22.398,20.016,17.164,14.688,13.186,12.103,11.204,10.395,9.6483,8.9552,8.3061,7.6988,7.1317,6.6061,6.1177,5.6643,5.2464,0,50.207,108.47,137,127.56,103.94,81.839,64.991,53.11,44.948,35.295,28.027,23.528,20.052,17.194,14.813,12.822,11.156,9.7618,8.5933,7.6133,6.7906,6.0992,5.5172,4.4294,3.398,2.8381,2.3414,1.9843,1.7379,1.5317,1.3515,1.1927,1.0527,0.92907,0.81999,0.7237,0.63873,0.56373,0.49754,0.43912,0.38756
0.00023875,2.868,7.893,13.75,19.405,23.246,25.93,27.864,29.314,30.449,32.062,33.648,34.469,34.728,34.591,34.158,33.5,32.667,31.689,30.617,29.485,28.338,27.166,26.037,23.364,19.622,16.577,12.846,9.6197,7.8308,6.7388,5.9846,5.3965,4.9087,4.4909,4.1206,3.7879,3.4867,3.2179,2.9752,2.7548,2.5582,0,50.207,108.47,137,127.56,103.94,81.839,64.991,53.11,44.948,35.295,28.027,23.528,20.052,17.194,14.813,12.822,11.156,9.7618,8.5933,7.6133,6.7906,6.0992,5.5172,4.4294,3.398,2.8381,2.3414,1.9843,1.7379,1.5317,1.3515,1.1927,1.0527,0.92907,0.81999,0.7237,0.63873,0.56373,0.49754,0.43912,0.38756
0.00023862,2.8547,7.819,13.547,19.052,22.808,25.474,27.44,28.963,30.196,32.063,34.095,35.413,36.197,36.597,36.7,36.57,36.252,35.773,35.179,34.503,33.785,33.019,32.265,30.402,27.667,25.3,22.116,18.911,16.648,14.876,13.38,12.059,10.875,9.8088,8.8438,7.9708,7.182,6.4733,5.8345,5.2592,4.747,0,50.207,108.47,137,127.56,103.94,81.839,64.991,53.11,44.948,35.295,28.027,23.528,20.052,17.194,14.813,12.822,11.156,9.7618,8.5933,7.6133,6.7906,6.0992,5.5172,4.4294,3.398,2.8381,2.3414,1.9843,1.7379,1.5317,1.3515,1.1927,1.0527,0.92907,0.81999,0.7237,0.63873,0.56373,0.49754,0.43912,0.38756
0.00023635,2.6266,6.5058,9.723,11.758,12.614,13.059,13.368,13.655,13.942,14.498,15.225,15.766,16.141,16.385,16.523,16.574,16.554,16.475,16.353,16.197,16.026,15.831,15.639,15.149,14.411,13.759,12.865,11.939,11.239,10.636,10.077,9.5375,9.0148,8.5089,8.0198,7.5495,7.0991,6.6704,6.2634,5.8779,5.5143,0,50.207,108.47,137,127.56,103.94,81.839,64.991,53.11,44.948,35.295,28.027,23.528,20.052,17.194,14.813,12.822,11.156,9.7618,8.5933,7.6133,6.7906,6.0992,5.5172,4.4294,3.398,2.8381,2.3414,1.9843,1.7379,1.5317,1.3515,1.1927,1.0527,0.92907,0.81999,0.7237,0.63873,0.56373,0.49754,0.43912,0.38756
0.00023919,2.9117,8.1437,14.474,20.767,25.117,28.17,30.357,31.975,33.218,34.937,36.559,37.336,37.503,37.25,36.689,35.911,34.958,33.866,32.688,31.46,30.228,28.992,27.796,25.05,21.301,18.341,14.815,11.799,10.042,8.8453,7.9154,7.123,6.4277,5.8115,5.2585,4.7616,4.3136,3.9134,3.557,3.2341,2.9479,0,50.207,108.47,137,127.56,103.94,81.839,64.991,53.11,44.948,35.295,28.027,23.528,20.052,17.194,14.813,12.822,11.156,9.7618,8.5933,7.6133,6.7906,6.0992,5.5172,4.4294,3.398,2.8381,2.3414,1.9843,1.7379,1.5317,1.3515,1.1927,1.0527,0.92907,0.81999,0.7237,0.63873,0.56373,0.49754,0.43912,0.38756
0.00023816,2.8079,7.5471,12.74,17.469,20.525,22.599,24.068,25.163,26.018,27.226,28.387,28.94,29.045,28.84,28.406,27.809,27.083,26.254,25.362,24.434,23.505,22.575,21.675,19.616,16.815,14.617,12.029,9.8587,8.6271,7.8006,7.1563,6.5972,6.095,5.6384,5.2176,4.8291,4.4695,4.1396,3.8377,3.5583,3.3032,0,50.207,108.47,137,127.56,103.94,81.839,64.991,53.11,44.948,35.295,28.027,23.528,20.052,17.194,14.813,12.822,11.156,9.7618,8.5933,7.6133,6.7906,6.0992,5.5172,4.4294,3.398,2.8381,2.3414,1.9843,1.7379,1.5317,1.3515,1.1927,1.0527,0.92907,0.81999,0.7237,0.63873,0.56373,0.49754,0.43912,0.38756
0.00023888,2.8802,7.9636,13.956,19.798,23.793,26.598,28.622,30.142,31.33,33.023,34.696,35.586,35.9,35.81,35.416,34.803,34.011,33.071,32.037,30.941,29.827,28.698,27.594,25.017,21.423,18.518,14.976,11.911,10.168,9.0405,8.2078,7.5166,6.9132,6.375,5.8846,5.435,5.0199,4.6406,4.295,3.9752,3.6842,0,50.207,108.47,137,127.56,103.94,81.839,64.991,53.11,44.948,35.295,28.027,23.528,20.052,17.194,14.813,12.822,11.156,9.7618,8.5933,7.6133,6.7906,6.0992,5.5172,4.4294,3.398,2.8381,2.3414,1.9843,1.7379,1.5317,1.3515,1.1927,1.0527,0.92907,0.81999,0.7237,0.63873,0.56373,0.49754,0.43912,0.38756
0.00023796,2.7878,7.434,12.426,16.911,19.812,21.821,23.296,24.45,25.399,26.866,28.492,29.56,30.201,30.532,30.623,30.529,30.281,29.903,29.433,28.894,28.319,27.711,27.101,25.61,23.412,21.502,18.902,16.235,14.302,12.756,11.44,10.276,9.2337,8.2992,7.4583,6.7026,6.0236,5.4165,4.8751,4.3865,3.954,0,50.207,108.47,137,127.56,103.94,81.839,64.991,53.11,44.948,35.295,28.027,23.528,20.052,17.194,14.813,12.822,11.156,9.7618,8.5933,7.6133,6.7906,6.0992,5.5172,4.4294,3.398,2.8381,2.3414,1.9843,1.7379,1.5317,1.3515,1.1927,1.0527,0.92907,0.81999,0.7237,0.63873,0.56373,0.49754,0.43912,0.38756
0.00023633,2.6242,6.4922,9.6813,11.671,12.481,12.884,13.153,13.402,13.653,14.141,14.775,15.235,15.537,15.72,15.809,15.82,15.769,15.669,15.533,15.37,15.196,15.008,14.821,14.369,13.714,13.153,12.398,11.599,10.95,10.355,9.783,9.2242,8.6807,8.1555,7.6504,7.1674,6.7078,6.2727,5.8624,5.4758,5.1133,0,50.207,108.47,137,127.56,103.94,81.839,64.991,53.11,44.948,35.295,28.027,23.528,20.052,17.194,14.813,12.822,11.156,9.7618,8.5933,7.6133,6.7906,6.0992,5.5172,4.4294,3.398,2.8381,2.3414,1.9843,1.7379,1.5317,1.3515,1.1927,1.0527,0.92907,0.81999,0.7237,0.63873,0.56373,0.49754,0.43912,0.38756
0.00023884,2.8752,7.9398,13.881,19.637,23.547,26.248,28.163,29.573,30.66,32.166,33.513,34.076,34.169,33.922,33.363,32.574,31.661,30.684,29.654,28.587,27.514,26.453,25.42,23.076,19.916,17.465,14.645,12.304,10.975,10.035,9.2787,8.6096,7.9933,7.421,6.8875,6.3904,5.9285,5.4995,5.1028,4.7291,4.3877,0,50.207,108.47,137,127.56,103.94,81.839,64.991,53.11,44.948,35.295,28.027,23.528,20.052,17.194,14.813,12.822,11.156,9.7618,8.5933,7.6133,6.7906,6.0992,5.5172,4.4294,3.398,2.8381,2.3414,1.9843,1.7379,1.5317,1.3515,1.1927,1.0527,0.92907,0.81999,0.7237,0.63873,0.56373,0.49754,0.43912,0.38756
0.00023846,2.8371,7.7224,13.249,18.44,21.882,24.233,25.896,27.125,28.082,29.423,30.638,31.162,31.267,31.063,30.578,29.886,29.083,28.219,27.306,26.359,25.406,24.463,23.543,21.453,18.632,16.437,13.904,11.788,10.572,9.7023,8.9958,8.3666,7.7843,7.2414,6.7339,6.2595,5.8176,5.4061,5.0246,4.6651,4.3355,0,50.207,108.47,137,127.56,103.94,81.839,64.991,53.11,44.948,35.295,28.027,23.528,20.052,17.194,14.813,12.822,11.156,9.7618,8.5933,7.6133,6.7906,6.0992,5.5172,4.4294,3.398,2.8381,2.3414,1.9843,1.7379,1.5317,1.3515,1.1927,1.0527,0.92907,0.81999,0.7237,0.63873,0.56373,0.49754,0.43912,0.38756
0.00023975,2.9672,8.4661,15.415,22.563,27.64,31.234,33.812,35.713,37.173,39.191,41.011,41.804,41.973,41.697,41.007,40.004,38.824,37.544,36.18,34.755,33.311,31.87,30.455,27.188,22.677,19.078,14.797,11.174,9.192,7.9296,7.0248,6.3015,5.6842,5.1435,4.6633,4.2337,3.85,3.5061,3.2001,2.9139,2.6654,0,50.207,108.47,137,127.56,103.94,81.839,64.991,53.11,44.948,35.295,28.027,23.528,20.052,17.194,14.813,12.822,11.156,9.7618,8.5933,7.6133,6.7906,6.0992,5.5172,4.4294,3.398,2.8381,2.3414,1.9843,1.7379,1.5317,1.3515,1.1927,1.0527,0.92907,0.81999,0.7237,0.63873,0.56373,0.49754,0.43912,0.38756
0.00023833,2.8235,7.6466,13.037,18.06,21.39,23.685,25.339,26.592,27.595,29.07,30.532,31.329,31.712,31.78,31.556,31.112,30.537,29.881,29.154,28.373,27.566,26.747,25.934,24.02,21.312,19.068,16.215,13.487,11.658,10.256,9.1,8.1024,7.2236,6.4457,5.7557,5.1439,4.6025,4.1219,3.6993,3.3074,2.9728,0,50.207,108.47,137,127.56,103.94,81.839,64.991,53.11,44.948,35.295,28.027,23.528,20.052,17.194,14.813,12.822,11.156,9.7618,8.5933,7.6133,6.7906,6.0992,5.5172,4.4294,3.398,2.8381,2.3414,1.9843,1.7379,1.5317,1.3515,1.1927,1.0527,0.92907,0.81999,0.7237,0.63873,0.56373,0.49754,0.43912,0.38756
0.0002363,2.6193,6.4799,9.64,11.595,12.361,12.707,12.925,13.12,13.328,13.721,14.18,14.474,14.647,14.697,14.642,14.515,14.345,14.146,13.921,13.677,13.424,13.168,12.913,12.32,11.489,10.806,9.9368,9.0727,8.4282,7.8679,7.3521,6.864,6.3997,5.9598,5.5446,5.1544,4.7893,4.4485,4.1318,3.8346,3.5615,0,50.207,108.47,137,127.56,103.94,81.839,64.991,53.11,44.948,35.295,28.027,23.528,20.052,17.194,14.813,12.822,11.156,9.7618,8.5933,7.6133,6.7906,6.0992,5.5172,4.4294,3.398,2.8381,2.3414,1.9843,1.7379,1.5317,1.3515,1.1927,1.0527,0.92907,0.81999,0.7237,0.63873,0.56373,0.49754,0.43912,0.38756
0.00023951,2.9426,8.3251,15.004,21.78,26.545,29.902,32.305,34.079,35.445,37.343,39.072,39.849,40.058,39.861,39.286,38.428,37.414,36.316,35.145,33.924,32.688,31.459,30.258,27.511,23.776,20.847,17.442,14.605,13.013,11.91,11.038,10.276,9.5753,8.9227,8.3125,7.741,7.2068,6.7089,6.2436,5.8134,5.4101,0,50.207,108.47,137,127.56,103.94,81.839,64.991,53.11,44.948,35.295,28.027,23.528,20.052,17.194,14.813,12.822,11.156,9.7618,8.5933,7.6133,6.7906,6.0992,5.5172,4.4294,3.398,2.8381,2.3414,1.9843,1.7379,1.5317,1.3515,1.1927,1.0527,0.92907,0.81999,0.7237,0.63873,0.56373,0.49754,0.43912,0.38756
0.00023859,2.8503,7.7989,13.478,18.889,22.533,25.056,26.864,28.219,29.287,30.822,32.285,33.015,33.297,33.243,32.878,32.281,31.55,30.741,29.864,28.937,27.99,27.04,26.105,23.94,20.948,18.552,15.687,13.213,11.77,10.754,9.9449,9.2387,8.5912,7.9902,7.4295,6.9055,6.4169,5.9625,5.5388,5.1482,4.7829,0,50.207,108.47,137,127.56,103.94,81.839,64.991,53.11,44.948,35.295,28.027,23.528,20.052,17.194,14.813,12.822,11.156,9.7618,8.5933,7.6133,6.7906,6.0992,5.5172,4.4294,3.398,2.8381,2.3414,1.9843,1.7379,1.5317,1.3515,1.1927,1.0527,0.92907,0.81999,0.7237,0.63873,0.56373,0.49754,0.43912,0.38756
0.000239,2.8911,8.0293,14.134,20.099,24.158,26.945,28.895,30.303,31.362,32.761,33.884,34.177,33.98,33.434,32.569,31.475,30.266,29.003,27.698,26.37,25.051,23.758,22.508,19.7,15.965,13.118,9.9407,7.4665,6.2392,5.492,4.972,4.5574,4.1963,3.8759,3.588,3.3272,3.0908,2.8769,2.6814,2.5066,2.3443,0,50.207,108.47,137,127.56,103.94,81.839,64.991,53.11,44.948,35.295,28.027,23.528,20.052,17.194,14.813,12.822,11.156,9.7618,8.5933,7.6133,6.7906,6.0992,5.5172,4.4294,3.398,2.8381,2.3414,1.9843,1.7379,1.5317,1.3515,1.1927,1.0527,0.92907,0.81999,0.7237,0.63873,0.56373,0.49754,0.43912,0.38756
0.00023826,2.8163,7.6049,12.914,17.821,21.049,23.261,24.848,26.048,27.006,28.411,29.794,30.538,30.89,30.944,30.721,30.293,29.746,29.127,28.446,27.718,26.968,26.212,25.465,23.726,21.3,19.319,16.842,14.485,12.87,11.576,10.468,9.4791,8.5806,7.7644,7.0235,6.3521,5.7453,5.198,4.7018,4.2612,3.8584,0,50.207,108.47,137,127.56,103.94,81.839,64.991,53.11,44.948,35.295,28.027,23.528,20.052,17.194,14.813,12.822,11.156,9.7618,8.5933,7.6133,6.7906,6.0992,5.5172,4.4294,3.398,2.8381,2.3414,1.9843,1.7379,1.5317,1.3515,1.1927,1.0527,0.92907,0.81999,0.7237,0.63873,0.56373,0.49754,0.43912,0.38756
0.000237,2.6898,6.8838,10.826,13.879,15.594,16.697,17.509,18.179,18.776,19.787,20.973,21.825,22.451,22.876,23.117,23.218,23.226,23.167,23.046,22.874,22.668,22.438,22.192,21.568,20.612,19.753,18.575,17.345,16.403,15.577,14.798,14.043,13.302,12.579,11.875,11.195,10.54,9.9133,9.3151,8.7462,8.2072,0,50.207,108.47,137,127.56,103.94,81.839,64.991,53.11,44.948,35.295,28.027,23.528,20.052,17.194,14.813,12.822,11.156,9.7618,8.5933,7.6133,6.7906,6.0992,5.5172,4.4294,3.398,2.8381,2.3414,1.9843,1.7379,1.5317,1.3515,1.1927,1.0527,0.92907,0.81999,0.7237,0.63873,0.56373,0.49754,0.43912,0.38756
0.00023879,2.8707,7.9063,13.775,19.415,23.197,25.791,27.61,28.932,29.928,31.251,32.404,32.818,32.708,32.247,31.537,30.651,29.638,28.525,27.359,26.173,25.008,23.849,22.763,20.3,17.054,14.598,11.848,9.6553,8.4532,7.6491,7.0088,6.4461,5.94,5.4789,5.0544,4.6634,4.3045,3.9775,3.6767,3.4025,3.1515,0,50.207,108.47,137,127.56,103.94,81.839,64.991,53.11,44.948,35.295,28.027,23.528,20.052,17.194,14.813,12.822,11.156,9.7618,8.5933,7.6133,6.7906,6.0992,5.5172,4.4294,3.398,2.8381,2.3414,1.9843,1.7379,1.5317,1.3515,1.1927,1.0527,0.92907,0.81999,0.7237,0.63873,0.56373,0.49754,0.43912,0.38756
0.0002382,2.812,7.5709,12.811,17.611,20.734,22.867,24.387,25.528,26.426,27.712,28.981,29.634,29.833,29.714,29.362,28.833,28.171,27.399,26.56,25.68,24.797,23.899,23.045,21.049,18.319,16.154,13.577,11.374,10.086,9.1964,8.4832,7.8548,7.2845,6.7592,6.2706,5.8155,5.3928,5.0029,4.641,4.3074,3.9991,0,50.207,108.47,137,127.56,103.94,81.839,64.991,53.11,44.948,35.295,28.027,23.528,20.052,17.194,14.813,12.822,11.156,9.7618,8.5933,7.6133,6.7906,6.0992,5.5172,4.4294,3.398,2.8381,2.3414,1.9843,1.7379,1.5317,1.3515,1.1927,1.0527,0.92907,0.81999,0.7237,0.63873,0.56373,0.49754,0.43912,0.38756
0.00023886,2.8781,7.9515,13.92,19.728,23.693,26.472,28.474,29.975,31.146,32.806,34.433,35.273,35.538,35.397,34.953,34.28,33.429,32.432,31.339,30.187,29.021,27.831,26.686,23.978,20.199,17.137,13.409,10.213,8.4563,7.3879,6.6465,6.0631,5.5749,5.15,4.7687,4.4214,4.1043,3.8179,3.5548,3.3154,3.0959,0,50.207,108.47,137,127.56,103.94,81.839,64.991,53.11,44.948,35.295,28.027,23.528,20.052,17.194,14.813,12.822,11.156,9.7618,8.5933,7.6133,6.7906,6.0992,5.5172,4.4294,3.398,2.8381,2.3414,1.9843,1.7379,1.5317,1.3515,1.1927,1.0527,0.92907,0.81999,0.7237,0.63873,0.56373,0.49754,0.43912,0.38756
0.00023877,2.8701,7.9073,13.802,19.53,23.464,26.257,28.31,29.889,31.159,33.059,35.101,36.404,37.16,37.526,37.597,37.436,37.092,36.59,35.979,35.293,34.571,33.806,33.06,31.238,28.605,26.362,23.386,20.383,18.197,16.418,14.865,13.463,12.189,11.028,9.9686,9.0048,8.1304,7.3406,6.6236,5.9794,5.3976,0,50.207,108.47,137,127.56,103.94,81.839,64.991,53.11,44.948,35.295,28.027,23.528,20.052,17.194,14.813,12.822,11.156,9.7618,8.5933,7.6133,6.7906,6.0992,5.5172,4.4294,3.398,2.8381,2.3414,1.9843,1.7379,1.5317,1.3515,1.1927,1.0527,0.92907,0.81999,0.7237,0.63873,0.56373,0.49754,0.43912,0.38756
0.00023622,2.6134,6.4298,9.4977,11.316,11.978,12.26,12.433,12.603,12.789,13.169,13.669,14.015,14.221,14.319,14.332,14.276,14.165,14.012,13.829,13.625,13.415,13.192,12.979,12.463,11.727,11.104,10.276,9.4086,8.7243,8.1202,7.5583,7.0264,6.5237,6.05,5.6052,5.1892,4.802,4.443,4.1101,3.8034,3.5205,0,50.207,108.47,137,127.56,103.94,81.839,64.991,53.11,44.948,35.295,28.027,23.528,20.052,17.194,14.813,12.822,11.156,9.7618,8.5933,7.6133,6.7906,6.0992,5.5172,4.4294,3.398,2.8381,2.3414,1.9843,1.7379,1.5317,1.3515,1.1927,1.0527,0.92907,0.81999,0.7237,0.63873,0.56373,0.49754,0.43912,0.38756
0.00023901,2.8935,8.0392,14.171,20.195,24.327,27.22,29.294,30.835,32.026,33.687,35.278,36.064,36.268,36.07,35.575,34.866,33.989,32.976,31.878,30.731,29.579,28.416,27.299,24.714,21.179,18.383,15.059,12.228,10.593,9.4854,8.619,7.8719,7.2061,6.6054,6.0561,5.5529,5.0919,4.6733,4.2914,3.9416,3.6275,0,50.207,108.47,137,127.56,103.94,81.839,64.991,53.11,44.948,35.295,28.027,23.528,20.052,17.194,14.813,12.822,11.156,9.7618,8.5933,7.6133,6.7906,6.0992,5.5172,4.4294,3.398,2.8381,2.3414,1.9843,1.7379,1.5317,1.3515,1.1927,1.0527,0.92907,0.81999,0.7237,0.63873,0.56373,0.49754,0.43912,0.38756
0.00023809,2.8012,7.5088,12.631,17.268,20.256,22.287,23.732,24.818,25.674,26.903,28.115,28.731,28.904,28.767,28.399,27.862,27.191,26.412,25.566,24.678,23.785,22.88,22.01,19.985,17.199,14.978,12.315,10.035,8.7238,7.8478,7.1714,6.5921,6.0761,5.6096,5.1812,4.7867,4.4229,4.0907,3.786,3.5052,3.2511,0,50.207,108.47,137,127.56,103.94,81.839,64.991,53.11,44.948,35.295,28.027,23.528,20.052,17.194,14.813,12.822,11.156,9.7618,8.5933,7.6133,6.7906,6.0992,5.5172,4.4294,3.398,2.8381,2.3414,1.9843,1.7379,1.5317,1.3515,1.1927,1.0527,0.92907,0.81999,0.7237,0.63873,0.56373,0.49754,0.43912,0.38756
0.0002393,2.9227,8.2074,14.663,21.138,25.652,28.843,31.144,32.859,34.186,36.041,37.83,38.731,38.987,38.793,38.263,37.487,36.516,35.385,34.151,32.854,31.543,30.213,28.927,25.915,21.735,18.373,14.315,10.875,9.0046,7.8703,7.0826,6.4597,5.9343,5.4772,5.0663,4.6925,4.35,4.0403,3.7577,3.4973,3.2633,0,50.207,108.47,137,127.56,103.94,81.839,64.991,53.11,44.948,35.295,28.027,23.528,20.052,17.194,14.813,12.822,11.156,9.7618,8.5933,7.6133,6.7906,6.0992,5.5172,4.4294,3.398,2.8381,2.3414,1.9843,1.7379,1.5317,1.3515,1.1927,1.0527,0.92907,0.81999,0.7237,0.63873,0.56373,0.49754,0.43912,0.38756
0.00023802,2.7945,7.4723,12.536,17.12,20.101,22.168,23.683,24.863,25.83,27.315,28.946,30.004,30.625,30.929,30.99,30.861,30.578,30.164,29.657,29.083,28.477,27.836,27.201,25.648,23.379,21.426,18.809,16.178,14.31,12.834,11.579,10.463,9.4592,8.5519,7.7291,6.9834,6.3086,5.7014,5.1535,4.6582,4.2192,0,50.207,108.47,137,127.56,103.94,81.839,64.991,53.11,44.948,35.295,28.027,23.528,20.052,17.194,14.813,12.822,11.156,9.7618,8.5933,7.6133,6.7906,6.0992,5.5172,4.4294,3.398,2.8381,2.3414,1.9843,1.7379,1.5317,1.3515,1.1927,1.0527,0.92907,0.81999,0.7237,0.63873,0.56373,0.49754,0.43912,0.38756
0.00023654,2.6457,6.6154,10.038,12.347,13.42,14.018,14.428,14.776,15.1,15.678,16.387,16.876,17.18,17.347,17.408,17.384,17.294,17.149,16.968,16.76,16.543,16.313,16.089,15.557,14.81,14.192,13.394,12.58,11.93,11.331,10.75,10.176,9.6134,9.0659,8.5356,8.0254,7.537,7.0721,6.6309,6.2134,5.8198,0,50.207,108.47,137,127.56,103.94,81.839,64.991,53.11,44.948,35.295,28.027,23.528,20.052,17.194,14.813,12.822,11.156,9.7618,8.5933,7.6133,6.7906,6.0992,5.5172,4.4294,3.398,2.8381,2.3414,1.9843,1.7379,1.5317,1.3515,1.1927,1.0527,0.92907,0.81999,0.7237,0.63873,0.56373,0.49754,0.43912,0.38756
0.00023895,2.8872,8.0019,14.056,19.961,23.976,26.76,28.734,30.183,31.29,32.799,34.193,34.818,34.897,34.609,34.06,33.317,32.435,31.441,30.385,29.301,28.228,27.158,26.156,23.854,20.807,18.48,15.836,13.644,12.342,11.388,10.574,9.8265,9.1339,8.4852,7.8763,7.3054,6.7738,6.2801,5.8188,5.3945,4.998,0,50.207,108.47,137,127.56,103.94,81.839,64.991,53.11,44.948,35.295,28.027,23.528,20.052,17.194,14.813,12.822,11.156,9.7618,8.5933,7.6133,6.7906,6.0992,5.5172,4.4294,3.398,2.8381,2.3414,1.9843,1.7379,1.5317,1.3515,1.1927,1.0527,0.92907,0.81999,0.7237,0.63873,0.56373,0.49754,0.43912,0.38756
0.0002381,2.8022,7.515,12.65,17.309,20.319,22.371,23.837,24.943,25.82,27.09,28.364,29.042,29.28,29.208,28.906,28.426,27.813,27.091,26.3,25.467,24.626,23.773,22.96,21.037,18.388,16.268,13.715,11.492,10.169,9.2455,8.502,7.8478,7.257,6.7136,6.21,5.7418,5.3096,4.9116,4.5418,4.2052,3.8915,0,50.207,108.47,137,127.56,103.94,81.839,64.991,53.11,44.948,35.295,28.027,23.528,20.052,17.194,14.813,12.822,11.156,9.7618,8.5933,7.6133,6.7906,6.0992,5.5172,4.4294,3.398,2.8381,2.3414,1.9843,1.7379,1.5317,1.3515,1.1927,1.0527,0.92907,0.81999,0.7237,0.63873,0.56373,0.49754,0.43912,0.38756
0.00023887,2.8794,7.9576,13.932,19.733,23.673,26.41,28.361,29.801,30.907,32.429,33.845,34.479,34.549,34.23,33.627,32.809,31.833,30.729,29.548,28.326,27.105,25.879,24.715,21.995,18.293,15.381,11.973,9.1698,7.6773,6.7689,6.1191,5.5898,5.1385,4.7386,4.377,4.0461,3.7462,3.4747,3.2239,3.0001,2.7914,0,50.207,108.47,137,127.56,103.94,81.839,64.991,53.11,44.948,35.295,28.027,23.528,20.052,17.194,14.813,12.822,11.156,9.7618,8.5933,7.6133,6.7906,6.0992,5.5172,4.4294,3.398,2.8381,2.3414,1.9843,1.7379,1.5317,1.3515,1.1927,1.0527,0.92907,0.81999,0.7237,0.63873,0.56373,0.49754,0.43912,0.38756
0.00023843,2.835,7.7043,13.208,18.39,21.858,24.285,26.057,27.416,28.511,30.149,31.907,33.015,33.644,33.934,33.971,33.806,33.486,33.034,32.493,31.892,31.265,30.608,29.976,28.432,26.229,24.368,21.9,19.348,17.404,15.757,14.284,12.94,11.712,10.59,9.5673,8.6367,7.7938,7.032,6.3386,5.7219,5.1575,0,50.207,108.47,137,127.56,103.94,81.839,64.991,53.11,44.948,35.295,28.027,23.528,20.052,17.194,14.813,12.822,11.156,9.7618,8.5933,7.6133,6.7906,6.0992,5.5172,4.4294,3.398,2.8381,2.3414,1.9843,1.7379,1.5317,1.3515,1.1927,1.0527,0.92907,0.81999,0.7237,0.63873,0.56373,0.49754,0.43912,0.38756
0.00023672,2.6638,6.7195,10.342,12.927,14.23,15.004,15.544,15.989,16.386,17.06,17.854,18.378,18.681,18.82,18.831,18.741,18.569,18.334,18.053,17.742,17.419,17.08,16.755,15.959,14.828,13.88,12.652,11.435,10.547,9.8044,9.1304,8.4975,7.9013,7.3386,6.8086,6.311,5.8463,5.4138,5.0105,4.639,4.2928,0,50.207,108.47,137,127.56,103.94,81.839,64.991,53.11,44.948,35.295,28.027,23.528,20.052,17.194,14.813,12.822,11.156,9.7618,8.5933,7.6133,6.7906,6.0992,5.5172,4.4294,3.398,2.8381,2.3414,1.9843,1.7379,1.5317,1.3515,1.1927,1.0527,0.92907,0.81999,0.7237,0.63873,0.56373,0.49754,0.43912,0.38756
0.00023914,2.9069,8.1161,14.394,20.618,24.916,27.931,30.094,31.698,32.935,34.653,36.291,37.092,37.292,37.076,36.56,35.813,34.897,33.842,32.7,31.512,30.32,29.117,27.975,25.306,21.673,18.813,15.452,12.643,11.068,10.029,9.2263,8.5345,7.8966,7.3251,6.8061,6.3151,5.8549,5.4295,5.0395,4.6832,4.3611,0,50.207,108.47,137,127.56,103.94,81.839,64.991,53.11,44.948,35.295,28.027,23.528,20.052,17.194,14.813,12.822,11.156,9.7618,8.5933,7.6133,6.7906,6.0992,5.5172,4.4294,3.398,2.8381,2.3414,1.9843,1.7379,1.5317,1.3515,1.1927,1.0527,0.92907,0.81999,0.7237,0.63873,0.56373,0.49754,0.43912,0.38756
0.00023836,2.8278,7.6605,13.064,18.075,21.35,23.574,25.138,26.288,27.17,28.381,29.494,29.964,29.971,29.665,29.134,28.436,27.62,26.708,25.743,24.754,23.776,22.8,21.883,19.779,16.979,14.83,12.368,10.326,9.1381,8.2995,7.612,7.0009,6.4337,5.9233,5.4599,5.0261,4.6245,4.2571,3.9232,3.6209,3.3501,0,50.207,108.47,137,127.56,103.94,81.839,64.991,53.11,44.948,35.295,28.027,23.528,20.052,17.194,14.813,12.822,11.156,9.7618,8.5933,7.6133,6.7906,6.0992,5.5172,4.4294,3.398,2.8381,2.3414,1.9843,1.7379,1.5317,1.3515,1.1927,1.0527,0.92907,0.81999,0.7237,0.63873,0.56373,0.49754,0.43912,0.38756
0.00023877,2.8697,7.9006,13.759,19.385,23.157,25.743,27.557,28.874,29.865,31.178,32.309,32.69,32.536,32.022,31.252,30.293,29.203,28.007,26.754,25.478,24.221,22.97,21.795,19.099,15.51,12.755,9.6202,7.0977,5.7572,4.9247,4.322,3.8352,3.4109,3.0588,2.7623,2.495,2.2576,2.0514,1.8747,1.7247,1.6006,0,50.207,108.47,137,127.56,103.94,81.839,64.991,53.11,44.948,35.295,28.027,23.528,20.052,17.194,14.813,12.822,11.156,9.7618,8.5933,7.6133,6.7906,6.0992,5.5172,4.4294,3.398,2.8381,2.3414,1.9843,1.7379,1.5317,1.3515,1.1927,1.0527,0.92907,0.81999,0.7237,0.63873,0.56373,0.49754,0.43912,0.38756
0.00023854,2.8471,7.7748,13.418,18.805,22.46,25.046,26.952,28.428,29.624,31.433,33.402,34.675,35.427,35.803,35.892,35.75,35.426,34.947,34.356,33.688,32.98,32.229,31.493,29.667,26.996,24.696,21.626,18.563,16.418,14.744,13.329,12.076,10.935,9.9073,8.979,8.1291,7.3541,6.6524,6.0204,5.4531,4.9466,0,50.207,108.47,137,127.56,103.94,81.839,64.991,53.11,44.948,35.295,28.027,23.528,20.052,17.194,14.813,12.822,11.156,9.7618,8.5933,7.6133,6.7906,6.0992,5.5172,4.4294,3.398,2.8381,2.3414,1.9843,1.7379,1.5317,1.3515,1.1927,1.0527,0.92907,0.81999,0.7237,0.63873,0.56373,0.49754,0.43912,0.38756
0.00023643,2.6348,6.5531,9.8589,12.011,12.96,13.468,13.819,14.129,14.429,14.986,15.691,16.193,16.519,16.71,16.793,16.789,16.714,16.583,16.411,16.209,15.994,15.76,15.533,14.965,14.134,13.412,12.431,11.394,10.58,9.8669,9.2053,8.5779,7.979,7.4144,6.8835,6.3824,5.9126,5.4748,5.0684,4.6925,4.3463,0,50.207,108.47,137,127.56,103.94,81.839,64.991,53.11,44.948,35.295,28.027,23.528,20.052,17.194,14.813,12.822,11.156,9.7618,8.5933,7.6133,6.7906,6.0992,5.5172,4.4294,3.398,2.8381,2.3414,1.9843,1.7379,1.5317,1.3515,1.1927,1.0527,0.92907,0.81999,0.7237,0.63873,0.56373,0.49754,0.43912,0.38756
0.0002389,2.8819,7.9701,13.956,19.748,23.645,26.311,28.17,29.507,30.504,31.8,32.888,33.224,33.035,32.5,31.727,30.785,29.728,28.579,27.388,26.186,25.015,23.858,22.785,20.371,17.248,14.935,12.415,10.452,9.3732,8.627,8.0074,7.446,6.93,6.4501,6.0014,5.5823,5.1928,4.8323,4.4961,4.1869,3.8986,0,50.207,108.47,137,127.56,103.94,81.839,64.991,53.11,44.948,35.295,28.027,23.528,20.052,17.194,14.813,12.822,11.156,9.7618,8.5933,7.6133,6.7906,6.0992,5.5172,4.4294,3.398,2.8381,2.3414,1.9843,1.7379,1.5317,1.3515,1.1927,1.0527,0.92907,0.81999,0.7237,0.63873,0.56373,0.49754,0.43912,0.38756
0.00023862,2.8548,7.8173,13.528,18.979,22.644,25.192,27.021,28.391,29.463,30.988,32.491,33.276,33.536,33.43,33.055,32.473,31.736,30.871,29.924,28.93,27.927,26.908,25.936,23.649,20.505,17.998,14.998,12.428,10.941,9.9345,9.1431,8.4545,7.8351,7.2666,6.7392,6.2481,5.7929,5.3731,4.9822,4.6242,4.2906,0,50.207,108.47,137,127.56,103.94,81.839,64.991,53.11,44.948,35.295,28.027,23.528,20.052,17.194,14.813,12.822,11.156,9.7618,8.5933,7.6133,6.7906,6.0992,5.5172,4.4294,3.398,2.8381,2.3414,1.9843,1.7379,1.5317,1.3515,1.1927,1.0527,0.92907,0.81999,0.7237,0.63873,0.56373,0.49754,0.43912,0.38756
0.00023923,2.9156,8.1669,14.545,20.913,25.339,28.461,30.711,32.387,33.686,35.5,37.248,38.124,38.366,38.165,37.638,36.86,35.893,34.769,33.543,32.258,30.96,29.641,28.377,25.389,21.24,17.894,13.842,10.374,8.4555,7.2733,6.4404,5.7801,5.2289,4.7519,4.329,3.949,3.6088,3.3064,3.0311,2.7892,2.5671,0,50.207,108.47,137,127.56,103.94,81.839,64.991,53.11,44.948,35.295,28.027,23.528,20.052,17.194,14.813,12.822,11.156,9.7618,8.5933,7.6133,6.7906,6.0992,5.5172,4.4294,3.398,2.8381,2.3414,1.9843,1.7379,1.5317,1.3515,1.1927,1.0527,0.92907,0.81999,0.7237,0.63873,0.56373,0.49754,0.43912,0.38756
0.00023809,2.8012,7.5107,12.647,17.33,20.391,22.517,24.073,25.282,26.269,27.778,29.428,30.492,31.113,31.415,31.474,31.337,31.048,30.628,30.116,29.54,28.932,28.289,27.661,26.112,23.856,21.913,19.3,16.628,14.678,13.106,11.754,10.553,9.4764,8.5093,7.6392,6.8569,6.1561,5.5303,4.9659,4.4692,4.0188,0,50.207,108.47,137,127.56,103.94,81.839,64.991,53.11,44.948,35.295,28.027,23.528,20.052,17.194,14.813,12.822,11.156,9.7618,8.5933,7.6133,6.7906,6.0992,5.5172,4.4294,3.398,2.8381,2.3414,1.9843,1.7379,1.5317,1.3515,1.1927,1.0527,0.92907,0.81999,0.7237,0.63873,0.56373,0.49754,0.43912,0.38756
0.00023629,2.6206,6.4714,9.6223,11.563,12.338,12.718,12.976,13.221,13.475,13.976,14.637,15.128,15.462,15.673,15.786,15.818,15.782,15.694,15.566,15.409,15.238,15.048,14.862,14.389,13.688,13.077,12.251,11.403,10.759,10.2,9.6755,9.167,8.6724,8.192,7.727,7.2791,6.8501,6.4413,6.0526,5.6847,5.3368,0,50.207,108.47,137,127.56,103.94,81.839,64.991,53.11,44.948,35.295,28.027,23.528,20.052,17.194,14.813,12.822,11.156,9.7618,8.5933,7.6133,6.7906,6.0992,5.5172,4.4294,3.398,2.8381,2.3414,1.9843,1.7379,1.5317,1.3515,1.1927,1.0527,0.92907,0.81999,0.7237,0.63873,0.56373,0.49754,0.43912,0.38756
0.00023946,2.9372,8.2942,14.912,21.601,26.288,29.579,31.929,33.656,34.981,36.805,38.435,39.123,39.241,38.958,38.303,37.367,36.277,35.106,33.867,32.58,31.281,29.994,28.733,25.857,21.947,18.882,15.318,12.366,10.746,9.6652,8.8424,8.1458,7.5195,6.9478,6.4221,5.937,5.49,5.0787,4.7002,4.3474,4.0229,0,50.207,108.47,137,127.56,103.94,81.839,64.991,53.11,44.948,35.295,28.027,23.528,20.052,17.194,14.813,12.822,11.156,9.7618,8.5933,7.6133,6.7906,6.0992,5.5172,4.4294,3.398,2.8381,2.3414,1.9843,1.7379,1.5317,1.3515,1.1927,1.0527,0.92907,0.81999,0.7237,0.63873,0.56373,0.49754,0.43912,0.38756
0.00023863,2.8537,7.8174,13.525,18.964,22.611,25.115,26.89,28.2,29.216,30.635,31.918,32.472,32.583,32.377,31.877,31.16,30.327,29.432,28.487,27.508,26.521,25.546,24.594,22.439,19.538,17.289,14.703,12.556,11.327,10.442,9.7182,9.0709,8.4671,7.9011,7.3693,6.8699,6.4021,5.965,5.5572,5.1742,4.8177,0,50.207,108.47,137,127.56,103.94,81.839,64.991,53.11,44.948,35.295,28.027,23.528,20.052,17.194,14.813,12.822,11.156,9.7618,8.5933,7.6133,6.7906,6.0992,5.5172,4.4294,3.398,2.8381,2.3414,1.9843,1.7379,1.5317,1.3515,1.1927,1.0527,0.92907,0.81999,0.7237,0.63873,0.56373,0.49754,0.43912,0.38756
0.00023899,2.8906,8.029,14.146,20.159,24.301,27.197,29.276,30.823,32.03,33.734,35.319,36.057,36.271,36.103,35.58,34.786,33.834,32.79,31.668,30.488,29.284,28.078,26.885,24.114,20.252,17.134,13.375,10.172,8.437,7.3635,6.618,6.0374,5.5459,5.114,4.7269,4.3756,4.0562,3.7656,3.5005,3.2537,3.028,0,50.207,108.47,137,127.56,103.94,81.839,64.991,53.11,44.948,35.295,28.027,23.528,20.052,17.194,14.813,12.822,11.156,9.7618,8.5933,7.6133,6.7906,6.0992,5.5172,4.4294,3.398,2.8381,2.3414,1.9843,1.7379,1.5317,1.3515,1.1927,1.0527,0.92907,0.81999,0.7237,0.63873,0.56373,0.49754,0.43912,0.38756
0.00023877,2.8686,7.9047,13.793,19.508,23.428,26.186,28.195,29.724,30.947,32.757,34.592,35.655,36.235,36.46,36.348,35.975,35.445,34.817,34.102,33.318,32.495,31.655,30.81,28.811,25.956,23.567,20.502,17.547,15.534,13.955,12.619,11.434,10.361,9.3848,8.4967,7.6893,6.9572,6.2943,5.6948,5.1437,4.6465,0,50.207,108.47,137,127.56,103.94,81.839,64.991,53.11,44.948,35.295,28.027,23.528,20.052,17.194,14.813,12.822,11.156,9.7618,8.5933,7.6133,6.7906,6.0992,5.5172,4.4294,3.398,2.8381,2.3414,1.9843,1.7379,1.5317,1.3515,1.1927,1.0527,0.92907,0.81999,0.7237,0.63873,0.56373,0.49754,0.43912,0.38756
0.00023627,2.6156,6.4591,9.5829,11.496,12.237,12.577,12.804,13.017,13.25,13.706,14.272,14.679,14.966,15.127,15.178,15.151,15.074,14.96,14.812,14.64,14.451,14.252,14.048,13.555,12.834,12.213,11.392,10.554,9.9221,9.3699,8.8547,8.3593,7.8793,7.4156,6.9698,6.5432,6.137,5.7519,5.3879,5.0441,4.7209,0,50.207,108.47,137,127.56,103.94,81.839,64.991,53.11,44.948,35.295,28.027,23.528,20.052,17.194,14.813,12.822,11.156,9.7618,8.5933,7.6133,6.7906,6.0992,5.5172,4.4294,3.398,2.8381,2.3414,1.9843,1.7379,1.5317,1.3515,1.1927,1.0527,0.92907,0.81999,0.7237,0.63873,0.56373,0.49754,0.43912,0.38756
0.00023946,2.9388,8.2988,14.919,21.599,26.255,29.522,31.848,33.552,34.847,36.598,38.206,38.927,39.025,38.705,38.089,37.25,36.252,35.127,33.929,32.701,31.481,30.269,29.129,26.513,23.036,20.375,17.335,14.792,13.27,12.154,11.206,10.343,9.5506,8.8142,8.1285,7.4906,6.9012,6.3576,5.8536,5.3938,4.9661,0,50.207,108.47,137,127.56,103.94,81.839,64.991,53.11,44.948,35.295,28.027,23.528,20.052,17.194,14.813,12.822,11.156,9.7618,8.5933,7.6133,6.7906,6.0992,5.5172,4.4294,3.398,2.8381,2.3414,1.9843,1.7379,1.5317,1.3515,1.1927,1.0527,0.92907,0.81999,0.7237,0.63873,0.56373,0.49754,0.43912,0.38756
0.00023844,2.8364,7.7114,13.222,18.399,21.842,24.225,25.938,27.227,28.243,29.704,31.166,31.952,32.241,32.182,31.866,31.349,30.679,29.886,29.014,28.095,27.163,26.219,25.315,23.176,20.217,17.842,14.982,12.503,11.048,10.053,9.2647,8.5746,7.9534,7.3814,6.8497,6.3535,5.8936,5.4683,5.0719,4.709,4.3693,0,50.207,108.47,137,127.56,103.94,81.839,64.991,53.11,44.948,35.295,28.027,23.528,20.052,17.194,14.813,12.822,11.156,9.7618,8.5933,7.6133,6.7906,6.0992,5.5172,4.4294,3.398,2.8381,2.3414,1.9843,1.7379,1.5317,1.3515,1.1927,1.0527,0.92907,0.81999,0.7237,0.63873,0.56373,0.49754,0.43912,0.38756
0.00023879,2.8718,7.915,13.813,19.522,23.402,26.114,28.064,29.523,30.661,32.272,33.849,34.659,34.91,34.771,34.342,33.688,32.863,31.9,30.848,29.744,28.625,27.493,26.408,23.834,20.254,17.36,13.83,10.739,8.9387,7.7527,6.8636,6.1301,5.5056,4.9593,4.4749,4.0417,3.6573,3.3166,3.0097,2.7432,2.4988,0,50.207,108.47,137,127.56,103.94,81.839,64.991,53.11,44.948,35.295,28.027,23.528,20.052,17.194,14.813,12.822,11.156,9.7618,8.5933,7.6133,6.7906,6.0992,5.5172,4.4294,3.398,2.8381,2.3414,1.9843,1.7379,1.5317,1.3515,1.1927,1.0527,0.92907,0.81999,0.7237,0.63873,0.56373,0.49754,0.43912,0.38756
0.00023813,2.806,7.5381,12.728,17.485,20.61,22.787,24.383,25.622,26.634,28.177,29.862,30.943,31.568,31.862,31.904,31.741,31.416,30.957,30.4,29.778,29.12,28.429,27.752,26.074,23.622,21.512,18.699,15.893,13.935,12.42,11.15,10.035,9.0427,8.1507,7.3463,6.6199,5.9672,5.3814,4.8513,4.3837,3.9559,0,50.207,108.47,137,127.56,103.94,81.839,64.991,53.11,44.948,35.295,28.027,23.528,20.052,17.194,14.813,12.822,11.156,9.7618,8.5933,7.6133,6.7906,6.0992,5.5172,4.4294,3.398,2.8381,2.3414,1.9843,1.7379,1.5317,1.3515,1.1927,1.0527,0.92907,0.81999,0.7237,0.63873,0.56373,0.49754,0.43912,0.38756
0.00023663,2.655,6.6691,10.195,12.648,13.842,14.534,15.015,15.417,15.784,16.424,17.199,17.731,18.064,18.248,18.316,18.291,18.192,18.035,17.836,17.61,17.372,17.119,16.877,16.282,15.434,14.718,13.77,12.773,11.97,11.242,10.548,9.878,9.2343,8.6182,8.0313,7.4751,6.9511,6.459,5.9974,5.5678,5.166,0,50.207,108.47,137,127.56,103.94,81.839,64.991,53.11,44.948,35.295,28.027,23.528,20.052,17.194,14.813,12.822,11.156,9.7618,8.5933,7.6133,6.7906,6.0992,5.5172,4.4294,3.398,2.8381,2.3414,1.9843,1.7379,1.5317,1.3515,1.1927,1.0527,0.92907,0.81999,0.7237,0.63873,0.56373,0.49754,0.43912,0.38756
0.00023917,2.9083,8.13,14.438,20.707,25.056,28.102,30.284,31.9,33.151,34.905,36.518,37.255,37.454,37.272,36.735,35.927,34.963,33.916,32.8,31.633,30.447,29.267,28.111,25.425,21.715,18.792,15.272,12.292,10.612,9.4677,8.5747,7.8152,7.1418,6.5334,5.9792,5.474,5.0123,4.5936,4.212,3.8678,3.5534,0,50.207,108.47,137,127.56,103.94,81.839,64.991,53.11,44.948,35.295,28.027,23.528,20.052,17.194,14.813,12.822,11.156,9.7618,8.5933,7.6133,6.7906,6.0992,5.5172,4.4294,3.398,2.8381,2.3414,1.9843,1.7379,1.5317,1.3515,1.1927,1.0527,0.92907,0.81999,0.7237,0.63873,0.56373,0.49754,0.43912,0.38756
0.00023807,2.7979,7.4993,12.603,17.221,20.196,22.205,23.63,24.696,25.54,26.758,27.906,28.448,28.613,28.496,28.121,27.552,26.872,26.131,25.341,24.513,23.671,22.834,22.014,20.112,17.49,15.43,12.952,10.847,9.634,8.7775,8.0837,7.4748,6.921,6.4101,5.9362,5.4969,5.0894,4.7139,4.3669,4.0486,3.7545,0,50.207,108.47,137,127.56,103.94,81.839,64.991,53.11,44.948,35.295,28.027,23.528,20.052,17.194,14.813,12.822,11.156,9.7618,8.5933,7.6133,6.7906,6.0992,5.5172,4.4294,3.398,2.8381,2.3414,1.9843,1.7379,1.5317,1.3515,1.1927,1.0527,0.92907,0.81999,0.7237,0.63873,0.56373,0.49754,0.43912,0.38756
0.00023966,2.9579,8.4139,15.269,22.301,27.301,30.857,33.429,35.346,36.837,38.944,40.93,41.904,42.247,42.142,41.618,40.764,39.714,38.55,37.29,35.956,34.585,33.207,31.842,28.618,24.053,20.342,15.704,11.618,9.2994,7.8028,6.7245,5.8799,5.184,4.5939,4.0845,3.6422,3.2549,2.9199,2.627,2.3759,2.1541,0,50.207,108.47,137,127.56,103.94,81.839,64.991,53.11,44.948,35.295,28.027,23.528,20.052,17.194,14.813,12.822,11.156,9.7618,8.5933,7.6133,6.7906,6.0992,5.5172,4.4294,3.398,2.8381,2.3414,1.9843,1.7379,1.5317,1.3515,1.1927,1.0527,0.92907,0.81999,0.7237,0.63873,0.56373,0.49754,0.43912,0.38756
0.00023832,2.8233,7.6468,13.046,18.098,21.478,23.84,25.573,26.912,28.006,29.673,31.431,32.52,33.179,33.511,33.536,33.318,32.945,32.471,31.909,31.274,30.591,29.883,29.164,27.4,24.784,22.534,19.477,16.375,14.206,12.512,11.096,9.8699,8.7911,7.8355,6.9865,6.2327,5.5634,4.9706,4.444,3.9826,3.5726,0,50.207,108.47,137,127.56,103.94,81.839,64.991,53.11,44.948,35.295,28.027,23.528,20.052,17.194,14.813,12.822,11.156,9.7618,8.5933,7.6133,6.7906,6.0992,5.5172,4.4294,3.398,2.8381,2.3414,1.9843,1.7379,1.5317,1.3515,1.1927,1.0527,0.92907,0.81999,0.7237,0.63873,0.56373,0.49754,0.43912,0.38756
0.00023643,2.6318,6.5519,9.8539,12.013,12.963,13.464,13.812,14.118,14.422,14.983,15.659,16.138,16.472,16.666,16.735,16.712,16.631,16.508,16.347,16.156,15.946,15.726,15.5,14.943,14.117,13.409,12.447,11.448,10.69,10.028,9.411,8.8228,8.2594,7.7206,7.2075,6.7213,6.2623,5.831,5.4265,5.049,4.6969,0,50.207,108.47,137,127.56,103.94,81.839,64.991,53.11,44.948,35.295,28.027,23.528,20.052,17.194,14.813,12.822,11.156,9.7618,8.5933,7.6133,6.7906,6.0992,5.5172,4.4294,3.398,2.8381,2.3414,1.9843,1.7379,1.5317,1.3515,1.1927,1.0527,0.92907,0.81999,0.7237,0.63873,0.56373,0.49754,0.43912,0.38756
0.00023907,2.8985,8.0721,14.262,20.351,24.526,27.413,29.45,30.935,32.065,33.596,34.906,35.377,35.353,34.975,34.272,33.334,32.273,31.152,29.982,28.782,27.583,26.404,25.262,22.686,19.247,16.607,13.618,11.187,9.8474,8.9236,8.1958,7.5609,6.9826,6.4512,5.9606,5.5074,5.09,4.7052,4.3525,4.0196,3.7212,0,50.207,108.47,137,127.56,103.94,81.839,64.991,53.11,44.948,35.295,28.027,23.528,20.052,17.194,14.813,12.822,11.156,9.7618,8.5933,7.6133,6.7906,6.0992,5.5172,4.4294,3.398,2.8381,2.3414,1.9843,1.7379,1.5317,1.3515,1.1927,1.0527,0.92907,0.81999,0.7237,0.63873,0.56373,0.49754,0.43912,0.38756
0.00023904,2.8956,8.0569,14.222,20.29,24.463,27.366,29.434,30.958,32.133,33.764,35.231,35.859,35.983,35.741,35.161,34.332,33.367,32.327,31.226,30.082,28.928,27.783,26.665,24.114,20.65,17.938,14.792,12.18,10.726,9.7374,8.9682,8.3031,7.6987,7.142,6.6258,6.1463,5.7022,5.2907,4.9111,4.5521,4.2272,0,50.207,108.47,137,127.56,103.94,81.839,64.991,53.11,44.948,35.295,28.027,23.528,20.052,17.194,14.813,12.822,11.156,9.7618,8.5933,7.6133,6.7906,6.0992,5.5172,4.4294,3.398,2.8381,2.3414,1.9843,1.7379,1.5317,1.3515,1.1927,1.0527,0.92907,0.81999,0.7237,0.63873,0.56373,0.49754,0.43912,0.38756
0.00023903,2.8943,8.0498,14.204,20.261,24.431,27.338,29.415,30.951,32.14,33.798,35.299,35.948,36.078,35.827,35.224,34.359,33.344,32.244,31.072,29.849,28.609,27.373,26.16,23.358,19.492,16.409,12.755,9.6917,8.05,7.0323,6.3177,5.7518,5.2685,4.8422,4.4594,4.1125,3.7985,3.513,3.2552,3.0105,2.7964,0,50.207,108.47,137,127.56,103.94,81.839,64.991,53.11,44.948,35.295,28.027,23.528,20.052,17.194,14.813,12.822,11.156,9.7618,8.5933,7.6133,6.7906,6.0992,5.5172,4.4294,3.398,2.8381,2.3414,1.9843,1.7379,1.5317,1.3515,1.1927,1.0527,0.92907,0.81999,0.7237,0.63873,0.56373,0.49754,0.43912,0.38756
0.00023859,2.8506,7.8009,13.487,18.917,22.588,25.144,26.992,28.389,29.502,31.132,32.745,33.63,34.065,34.16,33.941,33.483,32.883,32.196,31.432,30.609,29.757,28.893,28.035,26.016,23.161,20.799,17.806,14.95,13.032,11.551,10.318,9.2418,8.2842,7.4281,6.6618,5.9762,5.3644,4.8169,4.332,3.8782,3.4926,0,50.207,108.47,137,127.56,103.94,81.839,64.991,53.11,44.948,35.295,28.027,23.528,20.052,17.194,14.813,12.822,11.156,9.7618,8.5933,7.6133,6.7906,6.0992,5.5172,4.4294,3.398,2.8381,2.3414,1.9843,1.7379,1.5317,1.3515,1.1927,1.0527,0.92907,0.81999,0.7237,0.63873,0.56373,0.49754,0.43912,0.38756
0.0002365,2.6389,6.5925,9.9748,12.251,13.306,13.897,14.321,14.695,15.06,15.73,16.559,17.182,17.658,17.988,18.188,18.293,18.334,18.329,18.28,18.196,18.088,17.962,17.826,17.473,16.922,16.41,15.664,14.788,14.01,13.263,12.531,11.81,11.106,10.422,9.7637,9.1334,8.5333,7.9644,7.4271,6.9199,6.4446,0,50.207,108.47,137,127.56,103.94,81.839,64.991,53.11,44.948,35.295,28.027,23.528,20.052,17.194,14.813,12.822,11.156,9.7618,8.5933,7.6133,6.7906,6.0992,5.5172,4.4294,3.398,2.8381,2.3414,1.9843,1.7379,1.5317,1.3515,1.1927,1.0527,0.92907,0.81999,0.7237,0.63873,0.56373,0.49754,0.43912,0.38756
0.00023931,2.9234,8.2107,14.668,21.135,25.629,28.79,31.054,32.728,34.015,35.79,37.474,38.293,38.496,38.277,37.755,37.001,36.078,35.018,33.874,32.687,31.499,30.306,29.178,26.548,22.993,20.209,16.944,14.158,12.5,11.321,10.352,9.4908,8.7119,7.9968,7.3375,6.729,6.1714,5.6612,5.1904,4.7659,4.3712,0,50.207,108.47,137,127.56,103.94,81.839,64.991,53.11,44.948,35.295,28.027,23.528,20.052,17.194,14.813,12.822,11.156,9.7618,8.5933,7.6133,6.7906,6.0992,5.5172,4.4294,3.398,2.8381,2.3414,1.9843,1.7379,1.5317,1.3515,1.1927,1.0527,0.92907,0.81999,0.7237,0.63873,0.56373,0.49754,0.43912,0.38756
0.0002383,2.8223,7.6298,12.979,17.921,21.152,23.354,24.913,26.07,26.969,28.226,29.421,29.975,30.062,29.828,29.361,28.715,27.939,27.059,26.117,25.143,24.17,23.195,22.273,20.125,17.219,14.947,12.294,10.076,8.818,7.9716,7.3038,6.7222,6.2024,5.7274,5.2899,4.8852,4.5142,4.1743,3.8596,3.5754,3.31,0,50.207,108.47,137,127.56,103.94,81.839,64.991,53.11,44.948,35.295,28.027,23.528,20.052,17.194,14.813,12.822,11.156,9.7618,8.5933,7.6133,6.7906,6.0992,5.5172,4.4294,3.398,2.8381,2.3414,1.9843,1.7379,1.5317,1.3515,1.1927,1.0527,0.92907,0.81999,0.7237,0.63873,0.56373,0.49754,0.43912,0.38756
0.00023891,2.8836,7.9814,13.996,19.843,23.807,26.547,28.482,29.897,30.97,32.411,33.695,34.195,34.136,33.697,32.987,32.074,31.015,29.84,28.601,27.333,26.077,24.826,23.648,20.929,17.293,14.495,11.316,8.7864,7.4776,6.6834,6.1047,5.6226,5.205,4.8297,4.4869,4.1708,3.8825,3.6194,3.375,3.1553,2.9486,0,50.207,108.47,137,127.56,103.94,81.839,64.991,53.11,44.948,35.295,28.027,23.528,20.052,17.194,14.813,12.822,11.156,9.7618,8.5933,7.6133,6.7906,6.0992,5.5172,4.4294,3.398,2.8381,2.3414,1.9843,1.7379,1.5317,1.3515,1.1927,1.0527,0.92907,0.81999,0.7237,0.63873,0.56373,0.49754,0.43912,0.38756
0.00023835,2.8275,7.6623,13.09,18.176,21.578,23.968,25.726,27.088,28.197,29.883,31.727,32.928,33.647,34.02,34.129,34.026,33.756,33.345,32.834,32.254,31.638,30.987,30.352,28.776,26.486,24.524,21.916,19.281,17.367,15.805,14.432,13.181,12.033,10.974,9.9994,9.1024,8.2813,7.5314,6.8429,6.2234,5.6509,0,50.207,108.47,137,127.56,103.94,81.839,64.991,53.11,44.948,35.295,28.027,23.528,20.052,17.194,14.813,12.822,11.156,9.7618,8.5933,7.6133,6.7906,6.0992,5.5172,4.4294,3.398,2.8381,2.3414,1.9843,1.7379,1.5317,1.3515,1.1927,1.0527,0.92907,0.81999,0.7237,0.63873,0.56373,0.49754,0.43912,0.38756
0.00023634,2.6259,6.5014,9.7065,11.715,12.537,12.942,13.208,13.447,13.687,14.143,14.719,15.112,15.343,15.452,15.463,15.396,15.266,15.089,14.877,14.643,14.4,14.145,13.901,13.304,12.457,11.748,10.829,9.912,9.2295,8.646,8.1072,7.5944,7.1058,6.6402,6.1979,5.7794,5.3858,5.0167,4.6706,4.3492,4.0482,0,50.207,108.47,137,127.56,103.94,81.839,64.991,53.11,44.948,35.295,28.027,23.528,20.052,17.194,14.813,12.822,11.156,9.7618,8.5933,7.6133,6.7906,6.0992,5.5172,4.4294,3.398,2.8381,2.3414,1.9843,1.7379,1.5317,1.3515,1.1927,1.0527,0.92907,0.81999,0.7237,0.63873,0.56373,0.49754,0.43912,0.38756
0.00023934,2.9253,8.2255,14.708,21.2,25.71,28.852,31.076,32.698,33.93,35.597,37.027,37.551,37.538,37.146,36.404,35.405,34.272,33.072,31.818,30.528,29.238,27.967,26.733,23.945,20.209,17.328,14.045,11.368,9.9001,8.9005,8.1253,7.4602,6.8591,6.311,5.8085,5.3471,4.9242,4.537,4.1826,3.8544,3.5535,0,50.207,108.47,137,127.56,103.94,81.839,64.991,53.11,44.948,35.295,28.027,23.528,20.052,17.194,14.813,12.822,11.156,9.7618,8.5933,7.6133,6.7906,6.0992,5.5172,4.4294,3.398,2.8381,2.3414,1.9843,1.7379,1.5317,1.3515,1.1927,1.0527,0.92907,0.81999,0.7237,0.63873,0.56373,0.49754,0.43912,0.38756
0.00023832,2.8231,7.6433,13.025,18.029,21.335,23.602,25.225,26.446,27.414,28.818,30.168,30.851,31.122,31.081,30.752,30.208,29.54,28.797,27.991,27.138,26.265,25.388,24.523,22.517,19.735,17.496,14.79,12.416,10.997,9.9828,9.1681,8.4572,7.8097,7.2132,6.6612,6.1499,5.6774,5.2415,4.8396,4.466,4.1217,0,50.207,108.47,137,127.56,103.94,81.839,64.991,53.11,44.948,35.295,28.027,23.528,20.052,17.194,14.813,12.822,11.156,9.7618,8.5933,7.6133,6.7906,6.0992,5.5172,4.4294,3.398,2.8381,2.3414,1.9843,1.7379,1.5317,1.3515,1.1927,1.0527,0.92907,0.81999,0.7237,0.63873,0.56373,0.49754,0.43912,0.38756
0.00023968,2.9603,8.4266,15.301,22.349,27.348,30.885,33.426,35.304,36.749,38.755,40.577,41.38,41.567,41.309,40.638,39.653,38.488,37.22,35.865,34.447,33.006,31.566,30.148,26.866,22.321,18.676,14.325,10.664,8.7068,7.5093,6.6854,6.0483,5.5124,5.0451,4.6296,4.2557,3.9185,3.6144,3.3393,3.0855,2.8542,0,50.207,108.47,137,127.56,103.94,81.839,64.991,53.11,44.948,35.295,28.027,23.528,20.052,17.194,14.813,12.822,11.156,9.7618,8.5933,7.6133,6.7906,6.0992,5.5172,4.4294,3.398,2.8381,2.3414,1.9843,1.7379,1.5317,1.3515,1.1927,1.0527,0.92907,0.81999,0.7237,0.63873,0.56373,0.49754,0.43912,0.38756
0.00023876,2.8674,7.8977,13.772,19.469,23.374,26.121,28.122,29.645,30.864,32.67,34.502,35.566,36.154,36.385,36.28,35.918,35.399,34.781,34.075,33.3,32.486,31.652,30.815,28.827,25.974,23.567,20.431,17.333,15.164,13.444,11.993,10.721,9.587,8.5734,7.6669,6.857,6.1349,5.4913,4.9179,4.3972,3.9321,0,50.207,108.47,137,127.56,103.94,81.839,64.991,53.11,44.948,35.295,28.027,23.528,20.052,17.194,14.813,12.822,11.156,9.7618,8.5933,7.6133,6.7906,6.0992,5.5172,4.4294,3.398,2.8381,2.3414,1.9843,1.7379,1.5317,1.3515,1.1927,1.0527,0.92907,0.81999,0.7237,0.63873,0.56373,0.49754,0.43912,0.38756
0.00023636,2.6249,6.5116,9.7333,11.775,12.616,13.022,13.288,13.521,13.76,14.202,14.716,15.05,15.253,15.325,15.283,15.163,14.995,14.793,14.561,14.309,14.044,13.775,13.505,12.873,11.979,11.238,10.295,9.3712,8.7026,8.1347,7.6176,7.13,6.6655,6.2239,5.8057,5.4111,5.0403,4.6932,4.369,4.0654,3.7829,0,50.207,108.47,137,127.56,103.94,81.839,64.991,53.11,44.948,35.295,28.027,23.528,20.052,17.194,14.813,12.822,11.156,9.7618,8.5933,7.6133,6.7906,6.0992,5.5172,4.4294,3.398,2.8381,2.3414,1.9843,1.7379,1.5317,1.3515,1.1927,1.0527,0.92907,0.81999,0.7237,0.63873,0.56373,0.49754,0.43912,0.38756
0.00023857,2.8496,7.7865,13.433,18.78,22.34,24.785,26.517,27.796,28.778,30.133,31.393,31.954,32.008,31.715,31.172,30.448,29.587,28.615,27.581,26.512,25.451,24.386,23.375,21.058,17.947,15.542,12.776,10.526,9.2917,8.4812,7.8493,7.3016,6.7937,6.3319,5.9105,5.5121,5.1372,4.7883,4.4692,4.1771,3.9049,0,50.207,108.47,137,127.56,103.94,81.839,64.991,53.11,44.948,35.295,28.027,23.528,20.052,17.194,14.813,12.822,11.156,9.7618,8.5933,7.6133,6.7906,6.0992,5.5172,4.4294,3.398,2.8381,2.3414,1.9843,1.7379,1.5317,1.3515,1.1927,1.0527,0.92907,0.81999,0.7237,0.63873,0.56373,0.49754,0.43912,0.38756
0.00023874,2.8658,7.8797,13.706,19.305,23.079,25.695,27.559,28.94,30.006,31.486,32.888,33.549,33.674,33.43,32.916,32.207,31.346,30.364,29.309,28.212,27.117,26.013,24.959,22.527,19.222,16.627,13.568,10.984,9.4993,8.4936,7.7055,7.0304,6.4173,5.8699,5.3802,4.9279,4.5117,4.1327,3.7937,3.4902,3.2138,0,50.207,108.47,137,127.56,103.94,81.839,64.991,53.11,44.948,35.295,28.027,23.528,20.052,17.194,14.813,12.822,11.156,9.7618,8.5933,7.6133,6.7906,6.0992,5.5172,4.4294,3.398,2.8381,2.3414,1.9843,1.7379,1.5317,1.3515,1.1927,1.0527,0.92907,0.81999,0.7237,0.63873,0.56373,0.49754,0.43912,0.38756
0.00023919,2.9118,8.1452,14.484,20.802,25.193,28.297,30.541,32.221,33.528,35.373,37.179,38.12,38.431,38.298,37.833,37.12,36.212,35.142,33.967,32.725,31.465,30.18,28.937,26.003,21.898,18.562,14.476,10.943,8.973,7.7553,6.9025,6.2358,5.6612,5.1686,4.7423,4.3529,3.9953,3.6709,3.3846,3.1315,2.9007,0,50.207,108.47,137,127.56,103.94,81.839,64.991,53.11,44.948,35.295,28.027,23.528,20.052,17.194,14.813,12.822,11.156,9.7618,8.5933,7.6133,6.7906,6.0992,5.5172,4.4294,3.398,2.8381,2.3414,1.9843,1.7379,1.5317,1.3515,1.1927,1.0527,0.92907,0.81999,0.7237,0.63873,0.56373,0.49754,0.43912,0.38756
0.00023809,2.8014,7.5103,12.636,17.279,20.273,22.312,23.766,24.863,25.732,26.992,28.263,28.951,29.211,29.172,28.911,28.487,27.936,27.281,26.56,25.798,25.031,24.25,23.501,21.757,19.356,17.425,15.034,12.804,11.297,10.12,9.1173,8.2266,7.4182,6.6935,6.045,5.4568,4.9257,4.4492,4.0257,3.6498,3.3136,0,50.207,108.47,137,127.56,103.94,81.839,64.991,53.11,44.948,35.295,28.027,23.528,20.052,17.194,14.813,12.822,11.156,9.7618,8.5933,7.6133,6.7906,6.0992,5.5172,4.4294,3.398,2.8381,2.3414,1.9843,1.7379,1.5317,1.3515,1.1927,1.0527,0.92907,0.81999,0.7237,0.63873,0.56373,0.49754,0.43912,0.38756
0.00023622,2.6132,6.429,9.4963,11.316,11.982,12.271,12.451,12.63,12.825,13.224,13.749,14.119,14.344,14.458,14.482,14.433,14.326,14.173,13.988,13.779,13.56,13.328,13.102,12.552,11.756,11.075,10.164,9.2243,8.5099,7.8988,7.3419,6.821,6.3284,5.8672,5.4368,5.0336,4.6577,4.3091,3.9881,3.693,3.4213,0,50.207,108.47,137,127.56,103.94,81.839,64.991,53.11,44.948,35.295,28.027,23.528,20.052,17.194,14.813,12.822,11.156,9.7618,8.5933,7.6133,6.7906,6.0992,5.5172,4.4294,3.398,2.8381,2.3414,1.9843,1.7379,1.5317,1.3515,1.1927,1.0527,0.92907,0.81999,0.7237,0.63873,0.56373,0.49754,0.43912,0.38756
0.0002386,2.8527,7.8037,13.482,18.871,22.463,24.929,26.672,27.955,28.94,30.287,31.53,32.065,32.095,31.778,31.214,30.463,29.575,28.582,27.526,26.443,25.365,24.293,23.28,20.942,17.801,15.37,12.567,10.242,8.9205,8.0224,7.3073,6.6825,6.1261,5.6205,5.1578,4.7333,4.347,3.9958,3.6736,3.3842,3.1171,0,50.207,108.47,137,127.56,103.94,81.839,64.991,53.11,44.948,35.295,28.027,23.528,20.052,17.194,14.813,12.822,11.156,9.7618,8.5933,7.6133,6.7906,6.0992,5.5172,4.4294,3.398,2.8381,2.3414,1.9843,1.7379,1.5317,1.3515,1.1927,1.0527,0.92907,0.81999,0.7237,0.63873,0.56373,0.49754,0.43912,0.38756
0.0002388,2.8724,7.9186,13.823,19.54,23.427,26.145,28.102,29.57,30.721,32.368,34.026,34.952,35.352,35.391,35.167,34.74,34.159,33.456,32.674,31.848,31.012,30.166,29.363,27.479,24.907,22.863,20.377,18.066,16.46,15.147,13.97,12.874,11.854,10.901,10.013,9.1874,8.4242,7.7204,7.0698,6.476,5.9267,0,50.207,108.47,137,127.56,103.94,81.839,64.991,53.11,44.948,35.295,28.027,23.528,20.052,17.194,14.813,12.822,11.156,9.7618,8.5933,7.6133,6.7906,6.0992,5.5172,4.4294,3.398,2.8381,2.3414,1.9843,1.7379,1.5317,1.3515,1.1927,1.0527,0.92907,0.81999,0.7237,0.63873,0.56373,0.49754,0.43912,0.38756
0.00023912,2.9048,8.1044,14.362,20.561,24.842,27.85,30.01,31.616,32.857,34.584,36.231,37.032,37.219,36.979,36.425,35.627,34.646,33.518,32.296,31.022,29.735,28.439,27.196,24.265,20.205,16.947,13.026,9.6838,7.8406,6.7038,5.9001,5.2613,4.7316,4.2749,3.8724,3.5128,3.1949,2.914,2.6606,2.4409,2.2393,0,50.207,108.47,137,127.56,103.94,81.839,64.991,53.11,44.948,35.295,28.027,23.528,20.052,17.194,14.813,12.822,11.156,9.7618,8.5933,7.6133,6.7906,6.0992,5.5172,4.4294,3.398,2.8381,2.3414,1.9843,1.7379,1.5317,1.3515,1.1927,1.0527,0.92907,0.81999,0.7237,0.63873,0.56373,0.49754,0.43912,0.38756
0.00023821,2.8132,7.5782,12.836,17.668,20.829,23.004,24.569,25.757,26.704,28.092,29.526,30.349,30.724,30.783,30.608,30.25,29.752,29.14,28.453,27.721,26.973,26.21,25.479,23.734,21.292,19.288,16.741,14.275,12.548,11.18,10.008,8.9686,8.0422,7.2123,6.4683,5.8018,5.2078,4.6786,4.2034,3.7873,3.4101,0,50.207,108.47,137,127.56,103.94,81.839,64.991,53.11,44.948,35.295,28.027,23.528,20.052,17.194,14.813,12.822,11.156,9.7618,8.5933,7.6133,6.7906,6.0992,5.5172,4.4294,3.398,2.8381,2.3414,1.9843,1.7379,1.5317,1.3515,1.1927,1.0527,0.92907,0.81999,0.7237,0.63873,0.56373,0.49754,0.43912,0.38756
0.00023639,2.6313,6.5334,9.8029,11.908,12.821,13.306,13.644,13.949,14.249,14.818,15.554,16.097,16.471,16.714,16.853,16.904,16.885,16.81,16.693,16.547,16.385,16.205,16.029,15.577,14.907,14.319,13.518,12.667,11.98,11.357,10.757,10.17,9.5976,9.041,8.5031,7.9862,7.4925,7.0231,6.5779,6.1576,5.7612,0,50.207,108.47,137,127.56,103.94,81.839,64.991,53.11,44.948,35.295,28.027,23.528,20.052,17.194,14.813,12.822,11.156,9.7618,8.5933,7.6133,6.7906,6.0992,5.5172,4.4294,3.398,2.8381,2.3414,1.9843,1.7379,1.5317,1.3515,1.1927,1.0527,0.92907,0.81999,0.7237,0.63873,0.56373,0.49754,0.43912,0.38756
